;Query.accession;Query.sequence.length;Subject.seq.id;Subject.accession;Subject.sequence.length;evalue;Bit.Score;Raw.Score;Alignment.length;Percentage.of.identical.matches;Number.of.identical.matches;Number.of.mismatches;Number.of.positive.scoring.matches;Total.number.of.gaps;Taxonomy.ID;Scientific.name;Subject.blast.name;Subject.common.name;Domain;Phylum;Class;Order;Family;Genus;Species
1478;ASV_0023;197;gi|3063179306|dbj|LC863321.1|;LC863321;330;6.68E-96;364;197;197;100;197;0;197;0;79784;Tursiops aduncus;whales & dolphins;Indo-pacific bottlenose dolphin;Eukaryota;Chordata;Mammalia;Artiodactyla;Delphinidae;Tursiops;Tursiops aduncus
1479;ASV_0023;197;gi|2926901907|gb|PP375181.1|;PP375181;16386;6.68E-96;364;197;197;100;197;0;197;0;9728;Delphinus delphis;whales & dolphins;saddleback dolphin;Eukaryota;Chordata;Mammalia;Artiodactyla;Delphinidae;Delphinus;Delphinus delphis
1480;ASV_0023;197;gi|1357858762|gb|MG762974.1|;MG762974;16384;6.68E-96;364;197;197;100;197;0;197;0;79784;Tursiops aduncus;whales & dolphins;Indo-pacific bottlenose dolphin;Eukaryota;Chordata;Mammalia;Artiodactyla;Delphinidae;Tursiops;Tursiops aduncus
1481;ASV_0023;197;gi|1357858748|gb|MG762973.1|;MG762973;16387;6.68E-96;364;197;197;100;197;0;197;0;79784;Tursiops aduncus;whales & dolphins;Indo-pacific bottlenose dolphin;Eukaryota;Chordata;Mammalia;Artiodactyla;Delphinidae;Tursiops;Tursiops aduncus
1482;ASV_0023;197;gi|2727568700|gb|PP761293.1|;PP761293;16375;6.68E-96;364;197;197;100;197;0;197;0;3056773;Delphinus delphis delphis;whales & dolphins;Delphinus delphis delphis;Eukaryota;Chordata;Mammalia;Artiodactyla;Delphinidae;Delphinus;Delphinus delphis
1483;ASV_0023;197;gi|2727568686|gb|PP761292.1|;PP761292;16375;6.68E-96;364;197;197;100;197;0;197;0;3056774;Delphinus bairdii;whales & dolphins;Delphinus bairdii;Eukaryota;Chordata;Mammalia;Artiodactyla;Delphinidae;Delphinus;Delphinus bairdii
1484;ASV_0023;197;gi|2727568672|gb|PP761291.1|;PP761291;16375;6.68E-96;364;197;197;100;197;0;197;0;3056774;Delphinus bairdii;whales & dolphins;Delphinus bairdii;Eukaryota;Chordata;Mammalia;Artiodactyla;Delphinidae;Delphinus;Delphinus bairdii
1485;ASV_0023;197;gi|2727568658|gb|PP761290.1|;PP761290;16375;6.68E-96;364;197;197;100;197;0;197;0;3056774;Delphinus bairdii;whales & dolphins;Delphinus bairdii;Eukaryota;Chordata;Mammalia;Artiodactyla;Delphinidae;Delphinus;Delphinus bairdii
1486;ASV_0023;197;gi|2727568644|gb|PP761289.1|;PP761289;16375;6.68E-96;364;197;197;100;197;0;197;0;3056774;Delphinus bairdii;whales & dolphins;Delphinus bairdii;Eukaryota;Chordata;Mammalia;Artiodactyla;Delphinidae;Delphinus;Delphinus bairdii
1487;ASV_0023;197;gi|2727568630|gb|PP761288.1|;PP761288;16375;6.68E-96;364;197;197;100;197;0;197;0;3056774;Delphinus bairdii;whales & dolphins;Delphinus bairdii;Eukaryota;Chordata;Mammalia;Artiodactyla;Delphinidae;Delphinus;Delphinus bairdii
1488;ASV_0023;197;gi|2727568616|gb|PP761287.1|;PP761287;16375;6.68E-96;364;197;197;100;197;0;197;0;3056774;Delphinus bairdii;whales & dolphins;Delphinus bairdii;Eukaryota;Chordata;Mammalia;Artiodactyla;Delphinidae;Delphinus;Delphinus bairdii
1489;ASV_0023;197;gi|2727568602|gb|PP761286.1|;PP761286;16376;6.68E-96;364;197;197;100;197;0;197;0;3056774;Delphinus bairdii;whales & dolphins;Delphinus bairdii;Eukaryota;Chordata;Mammalia;Artiodactyla;Delphinidae;Delphinus;Delphinus bairdii
1490;ASV_0023;197;gi|2727568588|gb|PP761285.1|;PP761285;16375;6.68E-96;364;197;197;100;197;0;197;0;3056774;Delphinus bairdii;whales & dolphins;Delphinus bairdii;Eukaryota;Chordata;Mammalia;Artiodactyla;Delphinidae;Delphinus;Delphinus bairdii
1491;ASV_0023;197;gi|2727568574|gb|PP761284.1|;PP761284;16375;6.68E-96;364;197;197;100;197;0;197;0;3056774;Delphinus bairdii;whales & dolphins;Delphinus bairdii;Eukaryota;Chordata;Mammalia;Artiodactyla;Delphinidae;Delphinus;Delphinus bairdii
1492;ASV_0023;197;gi|2727568560|gb|PP761283.1|;PP761283;16376;6.68E-96;364;197;197;100;197;0;197;0;3056774;Delphinus bairdii;whales & dolphins;Delphinus bairdii;Eukaryota;Chordata;Mammalia;Artiodactyla;Delphinidae;Delphinus;Delphinus bairdii
1493;ASV_0023;197;gi|2727568546|gb|PP761282.1|;PP761282;16375;6.68E-96;364;197;197;100;197;0;197;0;3056774;Delphinus bairdii;whales & dolphins;Delphinus bairdii;Eukaryota;Chordata;Mammalia;Artiodactyla;Delphinidae;Delphinus;Delphinus bairdii
1494;ASV_0023;197;gi|2727568532|gb|PP761281.1|;PP761281;16375;6.68E-96;364;197;197;100;197;0;197;0;3056774;Delphinus bairdii;whales & dolphins;Delphinus bairdii;Eukaryota;Chordata;Mammalia;Artiodactyla;Delphinidae;Delphinus;Delphinus bairdii
1495;ASV_0023;197;gi|2727568518|gb|PP761280.1|;PP761280;16375;6.68E-96;364;197;197;100;197;0;197;0;3056774;Delphinus bairdii;whales & dolphins;Delphinus bairdii;Eukaryota;Chordata;Mammalia;Artiodactyla;Delphinidae;Delphinus;Delphinus bairdii
1496;ASV_0023;197;gi|2727568504|gb|PP761279.1|;PP761279;16375;6.68E-96;364;197;197;100;197;0;197;0;3056774;Delphinus bairdii;whales & dolphins;Delphinus bairdii;Eukaryota;Chordata;Mammalia;Artiodactyla;Delphinidae;Delphinus;Delphinus bairdii
1497;ASV_0023;197;gi|2727568490|gb|PP761278.1|;PP761278;16375;6.68E-96;364;197;197;100;197;0;197;0;3056774;Delphinus bairdii;whales & dolphins;Delphinus bairdii;Eukaryota;Chordata;Mammalia;Artiodactyla;Delphinidae;Delphinus;Delphinus bairdii
1498;ASV_0023;197;gi|2727568476|gb|PP761277.1|;PP761277;16375;6.68E-96;364;197;197;100;197;0;197;0;3056774;Delphinus bairdii;whales & dolphins;Delphinus bairdii;Eukaryota;Chordata;Mammalia;Artiodactyla;Delphinidae;Delphinus;Delphinus bairdii
1499;ASV_0023;197;gi|2727568462|gb|PP761276.1|;PP761276;16375;6.68E-96;364;197;197;100;197;0;197;0;3056774;Delphinus bairdii;whales & dolphins;Delphinus bairdii;Eukaryota;Chordata;Mammalia;Artiodactyla;Delphinidae;Delphinus;Delphinus bairdii
1500;ASV_0023;197;gi|2727568448|gb|PP761275.1|;PP761275;16375;6.68E-96;364;197;197;100;197;0;197;0;3056774;Delphinus bairdii;whales & dolphins;Delphinus bairdii;Eukaryota;Chordata;Mammalia;Artiodactyla;Delphinidae;Delphinus;Delphinus bairdii
1501;ASV_0023;197;gi|2727568434|gb|PP761274.1|;PP761274;16375;6.68E-96;364;197;197;100;197;0;197;0;3056774;Delphinus bairdii;whales & dolphins;Delphinus bairdii;Eukaryota;Chordata;Mammalia;Artiodactyla;Delphinidae;Delphinus;Delphinus bairdii
1502;ASV_0023;197;gi|2727568420|gb|PP761273.1|;PP761273;16375;6.68E-96;364;197;197;100;197;0;197;0;3056774;Delphinus bairdii;whales & dolphins;Delphinus bairdii;Eukaryota;Chordata;Mammalia;Artiodactyla;Delphinidae;Delphinus;Delphinus bairdii
1503;ASV_0023;197;gi|2727568406|gb|PP761272.1|;PP761272;16375;6.68E-96;364;197;197;100;197;0;197;0;3056774;Delphinus bairdii;whales & dolphins;Delphinus bairdii;Eukaryota;Chordata;Mammalia;Artiodactyla;Delphinidae;Delphinus;Delphinus bairdii
1504;ASV_0023;197;gi|2727568392|gb|PP761271.1|;PP761271;16375;6.68E-96;364;197;197;100;197;0;197;0;3056774;Delphinus bairdii;whales & dolphins;Delphinus bairdii;Eukaryota;Chordata;Mammalia;Artiodactyla;Delphinidae;Delphinus;Delphinus bairdii
1505;ASV_0023;197;gi|2192927485|ref|NC_060611.1|;NC_060611;16384;6.68E-96;364;197;197;100;197;0;197;0;103589;Stenella clymene;whales & dolphins;Clymene dolphin;Eukaryota;Chordata;Mammalia;Artiodactyla;Delphinidae;Stenella;Stenella clymene
1506;ASV_0023;197;gi|557468838|gb|KF570362.1|;KF570362;16380;6.68E-96;364;197;197;100;197;0;197;0;79784;Tursiops aduncus;whales & dolphins;Indo-pacific bottlenose dolphin;Eukaryota;Chordata;Mammalia;Artiodactyla;Delphinidae;Tursiops;Tursiops aduncus
1507;ASV_0023;197;gi|557468824|gb|KF570361.1|;KF570361;16384;6.68E-96;364;197;197;100;197;0;197;0;79784;Tursiops aduncus;whales & dolphins;Indo-pacific bottlenose dolphin;Eukaryota;Chordata;Mammalia;Artiodactyla;Delphinidae;Tursiops;Tursiops aduncus
1508;ASV_0023;197;gi|557468810|gb|KF570360.1|;KF570360;16384;6.68E-96;364;197;197;100;197;0;197;0;79784;Tursiops aduncus;whales & dolphins;Indo-pacific bottlenose dolphin;Eukaryota;Chordata;Mammalia;Artiodactyla;Delphinidae;Tursiops;Tursiops aduncus
1509;ASV_0023;197;gi|557468796|gb|KF570359.1|;KF570359;16384;6.68E-96;364;197;197;100;197;0;197;0;79784;Tursiops aduncus;whales & dolphins;Indo-pacific bottlenose dolphin;Eukaryota;Chordata;Mammalia;Artiodactyla;Delphinidae;Tursiops;Tursiops aduncus
1510;ASV_0023;197;gi|557468782|gb|KF570358.1|;KF570358;16384;6.68E-96;364;197;197;100;197;0;197;0;79784;Tursiops aduncus;whales & dolphins;Indo-pacific bottlenose dolphin;Eukaryota;Chordata;Mammalia;Artiodactyla;Delphinidae;Tursiops;Tursiops aduncus
1511;ASV_0023;197;gi|557468768|gb|KF570357.1|;KF570357;16384;6.68E-96;364;197;197;100;197;0;197;0;79784;Tursiops aduncus;whales & dolphins;Indo-pacific bottlenose dolphin;Eukaryota;Chordata;Mammalia;Artiodactyla;Delphinidae;Tursiops;Tursiops aduncus
1512;ASV_0023;197;gi|557468754|gb|KF570356.1|;KF570356;16384;6.68E-96;364;197;197;100;197;0;197;0;79784;Tursiops aduncus;whales & dolphins;Indo-pacific bottlenose dolphin;Eukaryota;Chordata;Mammalia;Artiodactyla;Delphinidae;Tursiops;Tursiops aduncus
1513;ASV_0023;197;gi|557468740|gb|KF570355.1|;KF570355;16384;6.68E-96;364;197;197;100;197;0;197;0;79784;Tursiops aduncus;whales & dolphins;Indo-pacific bottlenose dolphin;Eukaryota;Chordata;Mammalia;Artiodactyla;Delphinidae;Tursiops;Tursiops aduncus
1514;ASV_0023;197;gi|557468726|gb|KF570354.1|;KF570354;16384;6.68E-96;364;197;197;100;197;0;197;0;79784;Tursiops aduncus;whales & dolphins;Indo-pacific bottlenose dolphin;Eukaryota;Chordata;Mammalia;Artiodactyla;Delphinidae;Tursiops;Tursiops aduncus
1515;ASV_0023;197;gi|557468712|gb|KF570353.1|;KF570353;16384;6.68E-96;364;197;197;100;197;0;197;0;79784;Tursiops aduncus;whales & dolphins;Indo-pacific bottlenose dolphin;Eukaryota;Chordata;Mammalia;Artiodactyla;Delphinidae;Tursiops;Tursiops aduncus
1516;ASV_0023;197;gi|557468572|gb|KF570343.1|;KF570343;16384;6.68E-96;364;197;197;100;197;0;197;0;79784;Tursiops aduncus;whales & dolphins;Indo-pacific bottlenose dolphin;Eukaryota;Chordata;Mammalia;Artiodactyla;Delphinidae;Tursiops;Tursiops aduncus
1517;ASV_0023;197;gi|557468558|gb|KF570342.1|;KF570342;16384;6.68E-96;364;197;197;100;197;0;197;0;79784;Tursiops aduncus;whales & dolphins;Indo-pacific bottlenose dolphin;Eukaryota;Chordata;Mammalia;Artiodactyla;Delphinidae;Tursiops;Tursiops aduncus
1518;ASV_0023;197;gi|557468544|gb|KF570341.1|;KF570341;16384;6.68E-96;364;197;197;100;197;0;197;0;79784;Tursiops aduncus;whales & dolphins;Indo-pacific bottlenose dolphin;Eukaryota;Chordata;Mammalia;Artiodactyla;Delphinidae;Tursiops;Tursiops aduncus
1519;ASV_0023;197;gi|557468530|gb|KF570340.1|;KF570340;16384;6.68E-96;364;197;197;100;197;0;197;0;79784;Tursiops aduncus;whales & dolphins;Indo-pacific bottlenose dolphin;Eukaryota;Chordata;Mammalia;Artiodactyla;Delphinidae;Tursiops;Tursiops aduncus
1520;ASV_0023;197;gi|557468516|gb|KF570339.1|;KF570339;16383;6.68E-96;364;197;197;100;197;0;197;0;79784;Tursiops aduncus;whales & dolphins;Indo-pacific bottlenose dolphin;Eukaryota;Chordata;Mammalia;Artiodactyla;Delphinidae;Tursiops;Tursiops aduncus
1521;ASV_0023;197;gi|557468502|gb|KF570338.1|;KF570338;16384;6.68E-96;364;197;197;100;197;0;197;0;79784;Tursiops aduncus;whales & dolphins;Indo-pacific bottlenose dolphin;Eukaryota;Chordata;Mammalia;Artiodactyla;Delphinidae;Tursiops;Tursiops aduncus
1522;ASV_0023;197;gi|557468488|gb|KF570337.1|;KF570337;16384;6.68E-96;364;197;197;100;197;0;197;0;79784;Tursiops aduncus;whales & dolphins;Indo-pacific bottlenose dolphin;Eukaryota;Chordata;Mammalia;Artiodactyla;Delphinidae;Tursiops;Tursiops aduncus
1523;ASV_0023;197;gi|251733276|dbj|AB481388.1|;AB481388;773;6.68E-96;364;197;197;100;197;0;197;0;9728;Delphinus delphis;whales & dolphins;saddleback dolphin;Eukaryota;Chordata;Mammalia;Artiodactyla;Delphinidae;Delphinus;Delphinus delphis
1524;ASV_0023;197;gi|222839860|ref|NC_012061.1|;NC_012061;16385;6.68E-96;364;197;197;100;197;0;197;0;103584;Delphinus capensis;whales & dolphins;long-beaked common dolphin;Eukaryota;Chordata;Mammalia;Artiodactyla;Delphinidae;Delphinus;Delphinus capensis
1525;ASV_0023;197;gi|222839831|ref|NC_012058.1|;NC_012058;16385;6.68E-96;364;197;197;100;197;0;197;0;79784;Tursiops aduncus;whales & dolphins;Indo-pacific bottlenose dolphin;Eukaryota;Chordata;Mammalia;Artiodactyla;Delphinidae;Tursiops;Tursiops aduncus
1526;ASV_0023;197;gi|195973563|gb|EU685096.1|;EU685096;546;6.68E-96;364;197;197;100;197;0;197;0;9728;Delphinus delphis;whales & dolphins;saddleback dolphin;Eukaryota;Chordata;Mammalia;Artiodactyla;Delphinidae;Delphinus;Delphinus delphis
1527;ASV_0023;197;gi|54873413|gb|AY770539.1|;AY770539;553;6.68E-96;364;197;197;100;197;0;197;0;103600;Sousa chinensis;whales & dolphins;Indo-pacific humpbacked dolphin;Eukaryota;Chordata;Mammalia;Artiodactyla;Delphinidae;Sousa;Sousa chinensis
1528;ASV_0023;197;gi|3063179307|dbj|LC863322.1|;LC863322;330;3.11E-94;359;194;197;99.492;196;1;196;0;9739;Tursiops truncatus;whales & dolphins;common bottlenose dolphin;Eukaryota;Chordata;Mammalia;Artiodactyla;Delphinidae;Tursiops;Tursiops truncatus
1529;ASV_0023;197;gi|3063179304|dbj|LC863319.1|;LC863319;330;3.11E-94;359;194;197;99.492;196;1;196;0;9737;Stenella coeruleoalba;whales & dolphins;striped dolphin;Eukaryota;Chordata;Mammalia;Artiodactyla;Delphinidae;Stenella;Stenella coeruleoalba
1530;ASV_0023;197;gi|2926901306|gb|PP375138.1|;PP375138;16387;3.11E-94;359;194;197;99.492;196;1;196;0;9728;Delphinus delphis;whales & dolphins;saddleback dolphin;Eukaryota;Chordata;Mammalia;Artiodactyla;Delphinidae;Delphinus;Delphinus delphis
1531;ASV_0023;197;gi|2926901278|gb|PP375136.1|;PP375136;16387;3.11E-94;359;194;197;99.492;196;1;196;0;9728;Delphinus delphis;whales & dolphins;saddleback dolphin;Eukaryota;Chordata;Mammalia;Artiodactyla;Delphinidae;Delphinus;Delphinus delphis
1532;ASV_0023;197;gi|2771401105|gb|OQ274894.1|;OQ274894;14387;3.11E-94;359;194;197;99.492;196;1;196;0;2880878;Sousa plumbea;whales & dolphins;Indian Ocean humpback dolphin;Eukaryota;Chordata;Mammalia;Artiodactyla;Delphinidae;Sousa;Sousa plumbea
1533;ASV_0023;197;gi|2784311510|gb|PP623004.1|;PP623004;1720;3.11E-94;359;194;197;99.492;196;1;196;0;9728;Delphinus delphis;whales & dolphins;saddleback dolphin;Eukaryota;Chordata;Mammalia;Artiodactyla;Delphinidae;Delphinus;Delphinus delphis
1534;ASV_0023;197;gi|1278205637|gb|MF669486.1|;MF669486;16385;3.11E-94;359;194;197;99.492;196;1;196;0;9739;Tursiops truncatus;whales & dolphins;common bottlenose dolphin;Eukaryota;Chordata;Mammalia;Artiodactyla;Delphinidae;Tursiops;Tursiops truncatus
1535;ASV_0023;197;gi|1102132991|gb|KU992030.1|;KU992030;562;3.11E-94;359;194;197;99.492;196;1;196;0;9739;Tursiops truncatus;whales & dolphins;common bottlenose dolphin;Eukaryota;Chordata;Mammalia;Artiodactyla;Delphinidae;Tursiops;Tursiops truncatus
1536;ASV_0023;197;gi|1021313005|gb|KT601204.1|;KT601204;16387;3.11E-94;359;194;197;99.492;196;1;196;0;9739;Tursiops truncatus;whales & dolphins;common bottlenose dolphin;Eukaryota;Chordata;Mammalia;Artiodactyla;Delphinidae;Tursiops;Tursiops truncatus
1537;ASV_0023;197;gi|1021312921|gb|KT601198.1|;KT601198;16388;3.11E-94;359;194;197;99.492;196;1;196;0;9739;Tursiops truncatus;whales & dolphins;common bottlenose dolphin;Eukaryota;Chordata;Mammalia;Artiodactyla;Delphinidae;Tursiops;Tursiops truncatus
1538;ASV_0023;197;gi|2532152678|gb|OR120222.1|;OR120222;16388;3.11E-94;359;194;197;99.492;196;1;196;0;9739;Tursiops truncatus;whales & dolphins;common bottlenose dolphin;Eukaryota;Chordata;Mammalia;Artiodactyla;Delphinidae;Tursiops;Tursiops truncatus
1539;ASV_0023;197;gi|2532152510|gb|OR120210.1|;OR120210;16388;3.11E-94;359;194;197;99.492;196;1;196;0;9739;Tursiops truncatus;whales & dolphins;common bottlenose dolphin;Eukaryota;Chordata;Mammalia;Artiodactyla;Delphinidae;Tursiops;Tursiops truncatus
1540;ASV_0023;197;gi|2532152482|gb|OR120208.1|;OR120208;16388;3.11E-94;359;194;197;99.492;196;1;196;0;9739;Tursiops truncatus;whales & dolphins;common bottlenose dolphin;Eukaryota;Chordata;Mammalia;Artiodactyla;Delphinidae;Tursiops;Tursiops truncatus
1541;ASV_0023;197;gi|2532152440|gb|OR120205.1|;OR120205;16388;3.11E-94;359;194;197;99.492;196;1;196;0;9739;Tursiops truncatus;whales & dolphins;common bottlenose dolphin;Eukaryota;Chordata;Mammalia;Artiodactyla;Delphinidae;Tursiops;Tursiops truncatus
1542;ASV_0023;197;gi|2532152412|gb|OR120203.1|;OR120203;16388;3.11E-94;359;194;197;99.492;196;1;196;0;9739;Tursiops truncatus;whales & dolphins;common bottlenose dolphin;Eukaryota;Chordata;Mammalia;Artiodactyla;Delphinidae;Tursiops;Tursiops truncatus
1543;ASV_0023;197;gi|2532152384|gb|OR120201.1|;OR120201;16388;3.11E-94;359;194;197;99.492;196;1;196;0;9739;Tursiops truncatus;whales & dolphins;common bottlenose dolphin;Eukaryota;Chordata;Mammalia;Artiodactyla;Delphinidae;Tursiops;Tursiops truncatus
1544;ASV_0023;197;gi|2532152356|gb|OR120199.1|;OR120199;16388;3.11E-94;359;194;197;99.492;196;1;196;0;9739;Tursiops truncatus;whales & dolphins;common bottlenose dolphin;Eukaryota;Chordata;Mammalia;Artiodactyla;Delphinidae;Tursiops;Tursiops truncatus
1545;ASV_0023;197;gi|2532152342|gb|OR120198.1|;OR120198;16388;3.11E-94;359;194;197;99.492;196;1;196;0;9739;Tursiops truncatus;whales & dolphins;common bottlenose dolphin;Eukaryota;Chordata;Mammalia;Artiodactyla;Delphinidae;Tursiops;Tursiops truncatus
1546;ASV_0023;197;gi|2532152328|gb|OR120197.1|;OR120197;16388;3.11E-94;359;194;197;99.492;196;1;196;0;9739;Tursiops truncatus;whales & dolphins;common bottlenose dolphin;Eukaryota;Chordata;Mammalia;Artiodactyla;Delphinidae;Tursiops;Tursiops truncatus
1547;ASV_0023;197;gi|2532152300|gb|OR120195.1|;OR120195;16388;3.11E-94;359;194;197;99.492;196;1;196;0;9739;Tursiops truncatus;whales & dolphins;common bottlenose dolphin;Eukaryota;Chordata;Mammalia;Artiodactyla;Delphinidae;Tursiops;Tursiops truncatus
1548;ASV_0023;197;gi|2532152286|gb|OR120194.1|;OR120194;16388;3.11E-94;359;194;197;99.492;196;1;196;0;9739;Tursiops truncatus;whales & dolphins;common bottlenose dolphin;Eukaryota;Chordata;Mammalia;Artiodactyla;Delphinidae;Tursiops;Tursiops truncatus
1549;ASV_0023;197;gi|2532152272|gb|OR120193.1|;OR120193;16388;3.11E-94;359;194;197;99.492;196;1;196;0;9739;Tursiops truncatus;whales & dolphins;common bottlenose dolphin;Eukaryota;Chordata;Mammalia;Artiodactyla;Delphinidae;Tursiops;Tursiops truncatus
1550;ASV_0023;197;gi|2532152258|gb|OR120192.1|;OR120192;16388;3.11E-94;359;194;197;99.492;196;1;196;0;9739;Tursiops truncatus;whales & dolphins;common bottlenose dolphin;Eukaryota;Chordata;Mammalia;Artiodactyla;Delphinidae;Tursiops;Tursiops truncatus
1551;ASV_0023;197;gi|2532152244|gb|OR120191.1|;OR120191;16388;3.11E-94;359;194;197;99.492;196;1;196;0;9739;Tursiops truncatus;whales & dolphins;common bottlenose dolphin;Eukaryota;Chordata;Mammalia;Artiodactyla;Delphinidae;Tursiops;Tursiops truncatus
1552;ASV_0023;197;gi|2532152230|gb|OR120190.1|;OR120190;16388;3.11E-94;359;194;197;99.492;196;1;196;0;9739;Tursiops truncatus;whales & dolphins;common bottlenose dolphin;Eukaryota;Chordata;Mammalia;Artiodactyla;Delphinidae;Tursiops;Tursiops truncatus
1553;ASV_0023;197;gi|2532152118|gb|OR120182.1|;OR120182;16388;3.11E-94;359;194;197;99.492;196;1;196;0;9739;Tursiops truncatus;whales & dolphins;common bottlenose dolphin;Eukaryota;Chordata;Mammalia;Artiodactyla;Delphinidae;Tursiops;Tursiops truncatus
1554;ASV_0023;197;gi|2532152104|gb|OR120181.1|;OR120181;16388;3.11E-94;359;194;197;99.492;196;1;196;0;9739;Tursiops truncatus;whales & dolphins;common bottlenose dolphin;Eukaryota;Chordata;Mammalia;Artiodactyla;Delphinidae;Tursiops;Tursiops truncatus
1555;ASV_0023;197;gi|2532152090|gb|OR120180.1|;OR120180;16388;3.11E-94;359;194;197;99.492;196;1;196;0;9739;Tursiops truncatus;whales & dolphins;common bottlenose dolphin;Eukaryota;Chordata;Mammalia;Artiodactyla;Delphinidae;Tursiops;Tursiops truncatus
1556;ASV_0023;197;gi|2532152076|gb|OR120179.1|;OR120179;16388;3.11E-94;359;194;197;99.492;196;1;196;0;9739;Tursiops truncatus;whales & dolphins;common bottlenose dolphin;Eukaryota;Chordata;Mammalia;Artiodactyla;Delphinidae;Tursiops;Tursiops truncatus
1557;ASV_0023;197;gi|2532152062|gb|OR120178.1|;OR120178;16388;3.11E-94;359;194;197;99.492;196;1;196;0;9739;Tursiops truncatus;whales & dolphins;common bottlenose dolphin;Eukaryota;Chordata;Mammalia;Artiodactyla;Delphinidae;Tursiops;Tursiops truncatus
1558;ASV_0023;197;gi|2532152048|gb|OR120177.1|;OR120177;16388;3.11E-94;359;194;197;99.492;196;1;196;0;9739;Tursiops truncatus;whales & dolphins;common bottlenose dolphin;Eukaryota;Chordata;Mammalia;Artiodactyla;Delphinidae;Tursiops;Tursiops truncatus
1559;ASV_0023;197;gi|2532152034|gb|OR120176.1|;OR120176;16388;3.11E-94;359;194;197;99.492;196;1;196;0;9739;Tursiops truncatus;whales & dolphins;common bottlenose dolphin;Eukaryota;Chordata;Mammalia;Artiodactyla;Delphinidae;Tursiops;Tursiops truncatus
1560;ASV_0023;197;gi|2532152020|gb|OR120175.1|;OR120175;16388;3.11E-94;359;194;197;99.492;196;1;196;0;9739;Tursiops truncatus;whales & dolphins;common bottlenose dolphin;Eukaryota;Chordata;Mammalia;Artiodactyla;Delphinidae;Tursiops;Tursiops truncatus
1561;ASV_0023;197;gi|2532152006|gb|OR120174.1|;OR120174;16388;3.11E-94;359;194;197;99.492;196;1;196;0;9739;Tursiops truncatus;whales & dolphins;common bottlenose dolphin;Eukaryota;Chordata;Mammalia;Artiodactyla;Delphinidae;Tursiops;Tursiops truncatus
1562;ASV_0023;197;gi|2532151992|gb|OR120173.1|;OR120173;16388;3.11E-94;359;194;197;99.492;196;1;196;0;9739;Tursiops truncatus;whales & dolphins;common bottlenose dolphin;Eukaryota;Chordata;Mammalia;Artiodactyla;Delphinidae;Tursiops;Tursiops truncatus
1563;ASV_0023;197;gi|2532151978|gb|OR120172.1|;OR120172;16388;3.11E-94;359;194;197;99.492;196;1;196;0;9739;Tursiops truncatus;whales & dolphins;common bottlenose dolphin;Eukaryota;Chordata;Mammalia;Artiodactyla;Delphinidae;Tursiops;Tursiops truncatus
1564;ASV_0023;197;gi|2532151964|gb|OR120171.1|;OR120171;16388;3.11E-94;359;194;197;99.492;196;1;196;0;9739;Tursiops truncatus;whales & dolphins;common bottlenose dolphin;Eukaryota;Chordata;Mammalia;Artiodactyla;Delphinidae;Tursiops;Tursiops truncatus
1565;ASV_0023;197;gi|2532151950|gb|OR120170.1|;OR120170;16388;3.11E-94;359;194;197;99.492;196;1;196;0;9739;Tursiops truncatus;whales & dolphins;common bottlenose dolphin;Eukaryota;Chordata;Mammalia;Artiodactyla;Delphinidae;Tursiops;Tursiops truncatus
1566;ASV_0023;197;gi|2532151922|gb|OR120168.1|;OR120168;16388;3.11E-94;359;194;197;99.492;196;1;196;0;9739;Tursiops truncatus;whales & dolphins;common bottlenose dolphin;Eukaryota;Chordata;Mammalia;Artiodactyla;Delphinidae;Tursiops;Tursiops truncatus
1567;ASV_0023;197;gi|2532151908|gb|OR120167.1|;OR120167;16388;3.11E-94;359;194;197;99.492;196;1;196;0;9739;Tursiops truncatus;whales & dolphins;common bottlenose dolphin;Eukaryota;Chordata;Mammalia;Artiodactyla;Delphinidae;Tursiops;Tursiops truncatus
1568;ASV_0023;197;gi|2504581153|emb|OX596408.1|;OX596408;16385;3.11E-94;359;194;197;99.492;196;1;196;0;9737;Stenella coeruleoalba;whales & dolphins;striped dolphin;Eukaryota;Chordata;Mammalia;Artiodactyla;Delphinidae;Stenella;Stenella coeruleoalba
1569;ASV_0023;197;gi|2132868173|gb|MW183360.1|;MW183360;16387;3.11E-94;359;194;197;99.492;196;1;196;0;9739;Tursiops truncatus;whales & dolphins;common bottlenose dolphin;Eukaryota;Chordata;Mammalia;Artiodactyla;Delphinidae;Tursiops;Tursiops truncatus
1570;ASV_0023;197;gi|557469216|gb|KF570389.1|;KF570389;16387;3.11E-94;359;194;197;99.492;196;1;196;0;9739;Tursiops truncatus;whales & dolphins;common bottlenose dolphin;Eukaryota;Chordata;Mammalia;Artiodactyla;Delphinidae;Tursiops;Tursiops truncatus
1571;ASV_0023;197;gi|557469174|gb|KF570386.1|;KF570386;16388;3.11E-94;359;194;197;99.492;196;1;196;0;9739;Tursiops truncatus;whales & dolphins;common bottlenose dolphin;Eukaryota;Chordata;Mammalia;Artiodactyla;Delphinidae;Tursiops;Tursiops truncatus
1572;ASV_0023;197;gi|557469160|gb|KF570385.1|;KF570385;16387;3.11E-94;359;194;197;99.492;196;1;196;0;9739;Tursiops truncatus;whales & dolphins;common bottlenose dolphin;Eukaryota;Chordata;Mammalia;Artiodactyla;Delphinidae;Tursiops;Tursiops truncatus
1573;ASV_0023;197;gi|557469090|gb|KF570380.1|;KF570380;16387;3.11E-94;359;194;197;99.492;196;1;196;0;9739;Tursiops truncatus;whales & dolphins;common bottlenose dolphin;Eukaryota;Chordata;Mammalia;Artiodactyla;Delphinidae;Tursiops;Tursiops truncatus
1574;ASV_0023;197;gi|557469076|gb|KF570379.1|;KF570379;16387;3.11E-94;359;194;197;99.492;196;1;196;0;9739;Tursiops truncatus;whales & dolphins;common bottlenose dolphin;Eukaryota;Chordata;Mammalia;Artiodactyla;Delphinidae;Tursiops;Tursiops truncatus
1575;ASV_0023;197;gi|557468460|gb|KF570335.1|;KF570335;16384;3.11E-94;359;194;197;99.492;196;1;196;0;79784;Tursiops aduncus;whales & dolphins;Indo-pacific bottlenose dolphin;Eukaryota;Chordata;Mammalia;Artiodactyla;Delphinidae;Tursiops;Tursiops aduncus
1576;ASV_0023;197;gi|557468418|gb|KF570332.1|;KF570332;16388;3.11E-94;359;194;197;99.492;196;1;196;0;9739;Tursiops truncatus;whales & dolphins;common bottlenose dolphin;Eukaryota;Chordata;Mammalia;Artiodactyla;Delphinidae;Tursiops;Tursiops truncatus
1577;ASV_0023;197;gi|557468348|gb|KF570327.1|;KF570327;16388;3.11E-94;359;194;197;99.492;196;1;196;0;9739;Tursiops truncatus;whales & dolphins;common bottlenose dolphin;Eukaryota;Chordata;Mammalia;Artiodactyla;Delphinidae;Tursiops;Tursiops truncatus
1578;ASV_0023;197;gi|557468334|gb|KF570326.1|;KF570326;16388;3.11E-94;359;194;197;99.492;196;1;196;0;9739;Tursiops truncatus;whales & dolphins;common bottlenose dolphin;Eukaryota;Chordata;Mammalia;Artiodactyla;Delphinidae;Tursiops;Tursiops truncatus
1579;ASV_0023;197;gi|1878254378|gb|MT410956.1|;MT410956;16489;3.11E-94;359;194;197;99.492;196;1;196;0;9737;Stenella coeruleoalba;whales & dolphins;striped dolphin;Eukaryota;Chordata;Mammalia;Artiodactyla;Delphinidae;Stenella;Stenella coeruleoalba
1580;ASV_0023;197;gi|327556553|gb|JF504720.1|;JF504720;546;3.11E-94;359;194;197;99.492;196;1;196;0;103590;Stenella frontalis;whales & dolphins;Atlantic spotted dolphin;Eukaryota;Chordata;Mammalia;Artiodactyla;Delphinidae;Stenella;Stenella frontalis
1581;ASV_0023;197;gi|251733291|dbj|AB481403.1|;AB481403;773;3.11E-94;359;194;197;99.492;196;1;196;0;9739;Tursiops truncatus;whales & dolphins;common bottlenose dolphin;Eukaryota;Chordata;Mammalia;Artiodactyla;Delphinidae;Tursiops;Tursiops truncatus
1582;ASV_0023;197;gi|222838742|ref|NC_012053.1|;NC_012053;16384;3.11E-94;359;194;197;99.492;196;1;196;0;9737;Stenella coeruleoalba;whales & dolphins;striped dolphin;Eukaryota;Chordata;Mammalia;Artiodactyla;Delphinidae;Stenella;Stenella coeruleoalba
1583;ASV_0023;197;gi|223471647|ref|NC_012059.1|;NC_012059;16388;3.11E-94;359;194;197;99.492;196;1;196;0;9739;Tursiops truncatus;whales & dolphins;common bottlenose dolphin;Eukaryota;Chordata;Mammalia;Artiodactyla;Delphinidae;Tursiops;Tursiops truncatus
1584;ASV_0023;197;gi|222839817|ref|NC_012057.1|;NC_012057;16388;3.11E-94;359;194;197;99.492;196;1;196;0;103600;Sousa chinensis;whales & dolphins;Indo-pacific humpbacked dolphin;Eukaryota;Chordata;Mammalia;Artiodactyla;Delphinidae;Sousa;Sousa chinensis
1585;ASV_0023;197;gi|12484173|gb|AF334507.1|;AF334507;572;3.11E-94;359;194;197;99.492;196;1;196;0;103600;Sousa chinensis;whales & dolphins;Indo-pacific humpbacked dolphin;Eukaryota;Chordata;Mammalia;Artiodactyla;Delphinidae;Sousa;Sousa chinensis
1586;ASV_0023;197;gi|6689203|emb|AJ010816.1|;AJ010816;1643;3.11E-94;359;194;197;99.492;196;1;196;0;9737;Stenella coeruleoalba;whales & dolphins;striped dolphin;Eukaryota;Chordata;Mammalia;Artiodactyla;Delphinidae;Stenella;Stenella coeruleoalba
1587;ASV_0023;197;gi|2163|emb|Z18663.1|;Z18663;518;3.11E-94;359;194;197;99.492;196;1;196;0;9739;Tursiops truncatus;whales & dolphins;common bottlenose dolphin;Eukaryota;Chordata;Mammalia;Artiodactyla;Delphinidae;Tursiops;Tursiops truncatus
1891;ASV_0027;203;gi|1807606826|gb|MH603005.1|;MH603005;16720;3.20E-99;375;203;203;100;203;0;203;0;9823;Sus scrofa;even-toed ungulates & whales;pig;Eukaryota;Chordata;Mammalia;Artiodactyla;Suidae;Sus;Sus scrofa
1892;ASV_0027;203;gi|1784319997|gb|MN258706.1|;MN258706;16719;3.20E-99;375;203;203;100;203;0;203;0;9823;Sus scrofa;even-toed ungulates & whales;pig;Eukaryota;Chordata;Mammalia;Artiodactyla;Suidae;Sus;Sus scrofa
1893;ASV_0027;203;gi|1777435031|gb|MK248681.1|;MK248681;16613;3.20E-99;375;203;203;100;203;0;203;0;9823;Sus scrofa;even-toed ungulates & whales;pig;Eukaryota;Chordata;Mammalia;Artiodactyla;Suidae;Sus;Sus scrofa
1894;ASV_0027;203;gi|1772811380|gb|MN550011.1|;MN550011;15371;3.20E-99;375;203;203;100;203;0;203;0;9823;Sus scrofa;even-toed ungulates & whales;pig;Eukaryota;Chordata;Mammalia;Artiodactyla;Suidae;Sus;Sus scrofa
1895;ASV_0027;203;gi|1772811366|gb|MN550010.1|;MN550010;15371;3.20E-99;375;203;203;100;203;0;203;0;9823;Sus scrofa;even-toed ungulates & whales;pig;Eukaryota;Chordata;Mammalia;Artiodactyla;Suidae;Sus;Sus scrofa
1896;ASV_0027;203;gi|3005406155|dbj|LC880095.1|;LC880095;16730;3.20E-99;375;203;203;100;203;0;203;0;9823;Sus scrofa;even-toed ungulates & whales;pig;Eukaryota;Chordata;Mammalia;Artiodactyla;Suidae;Sus;Sus scrofa
1897;ASV_0027;203;gi|1561759590|gb|MG837550.1|;MG837550;16776;3.20E-99;375;203;203;100;203;0;203;0;9823;Sus scrofa;even-toed ungulates & whales;pig;Eukaryota;Chordata;Mammalia;Artiodactyla;Suidae;Sus;Sus scrofa
1898;ASV_0027;203;gi|1561759576|gb|MG837549.1|;MG837549;16709;3.20E-99;375;203;203;100;203;0;203;0;9823;Sus scrofa;even-toed ungulates & whales;pig;Eukaryota;Chordata;Mammalia;Artiodactyla;Suidae;Sus;Sus scrofa
1899;ASV_0027;203;gi|1374427572|gb|MF143597.1|;MF143597;16828;3.20E-99;375;203;203;100;203;0;203;0;9823;Sus scrofa;even-toed ungulates & whales;pig;Eukaryota;Chordata;Mammalia;Artiodactyla;Suidae;Sus;Sus scrofa
1900;ASV_0027;203;gi|1337016229|gb|MG009446.1|;MG009446;16610;3.20E-99;375;203;203;100;203;0;203;0;9823;Sus scrofa;even-toed ungulates & whales;pig;Eukaryota;Chordata;Mammalia;Artiodactyla;Suidae;Sus;Sus scrofa
1901;ASV_0027;203;gi|1337016215|gb|MG009445.1|;MG009445;16610;3.20E-99;375;203;203;100;203;0;203;0;9823;Sus scrofa;even-toed ungulates & whales;pig;Eukaryota;Chordata;Mammalia;Artiodactyla;Suidae;Sus;Sus scrofa
1902;ASV_0027;203;gi|1314672261|gb|MG250565.1|;MG250565;16690;3.20E-99;375;203;203;100;203;0;203;0;9823;Sus scrofa;even-toed ungulates & whales;pig;Eukaryota;Chordata;Mammalia;Artiodactyla;Suidae;Sus;Sus scrofa
1903;ASV_0027;203;gi|1314672233|gb|MG250563.1|;MG250563;16690;3.20E-99;375;203;203;100;203;0;203;0;9823;Sus scrofa;even-toed ungulates & whales;pig;Eukaryota;Chordata;Mammalia;Artiodactyla;Suidae;Sus;Sus scrofa
1904;ASV_0027;203;gi|1314672205|gb|MG250561.1|;MG250561;16690;3.20E-99;375;203;203;100;203;0;203;0;9823;Sus scrofa;even-toed ungulates & whales;pig;Eukaryota;Chordata;Mammalia;Artiodactyla;Suidae;Sus;Sus scrofa
1905;ASV_0027;203;gi|1314672191|gb|MG250560.1|;MG250560;16690;3.20E-99;375;203;203;100;203;0;203;0;9823;Sus scrofa;even-toed ungulates & whales;pig;Eukaryota;Chordata;Mammalia;Artiodactyla;Suidae;Sus;Sus scrofa
1906;ASV_0027;203;gi|1314672177|gb|MG250559.1|;MG250559;16690;3.20E-99;375;203;203;100;203;0;203;0;9823;Sus scrofa;even-toed ungulates & whales;pig;Eukaryota;Chordata;Mammalia;Artiodactyla;Suidae;Sus;Sus scrofa
1907;ASV_0027;203;gi|1314672163|gb|MG250558.1|;MG250558;16690;3.20E-99;375;203;203;100;203;0;203;0;9823;Sus scrofa;even-toed ungulates & whales;pig;Eukaryota;Chordata;Mammalia;Artiodactyla;Suidae;Sus;Sus scrofa
1908;ASV_0027;203;gi|1314672149|gb|MG250557.1|;MG250557;16690;3.20E-99;375;203;203;100;203;0;203;0;9823;Sus scrofa;even-toed ungulates & whales;pig;Eukaryota;Chordata;Mammalia;Artiodactyla;Suidae;Sus;Sus scrofa
1909;ASV_0027;203;gi|1314672121|gb|MG250555.1|;MG250555;16690;3.20E-99;375;203;203;100;203;0;203;0;9823;Sus scrofa;even-toed ungulates & whales;pig;Eukaryota;Chordata;Mammalia;Artiodactyla;Suidae;Sus;Sus scrofa
1910;ASV_0027;203;gi|1314672107|gb|MG250554.1|;MG250554;16690;3.20E-99;375;203;203;100;203;0;203;0;9823;Sus scrofa;even-toed ungulates & whales;pig;Eukaryota;Chordata;Mammalia;Artiodactyla;Suidae;Sus;Sus scrofa
1911;ASV_0027;203;gi|1314672093|gb|MG250553.1|;MG250553;16690;3.20E-99;375;203;203;100;203;0;203;0;9823;Sus scrofa;even-toed ungulates & whales;pig;Eukaryota;Chordata;Mammalia;Artiodactyla;Suidae;Sus;Sus scrofa
1912;ASV_0027;203;gi|1314672079|gb|MG250552.1|;MG250552;16690;3.20E-99;375;203;203;100;203;0;203;0;9823;Sus scrofa;even-toed ungulates & whales;pig;Eukaryota;Chordata;Mammalia;Artiodactyla;Suidae;Sus;Sus scrofa
1913;ASV_0027;203;gi|1314672065|gb|MG250551.1|;MG250551;16690;3.20E-99;375;203;203;100;203;0;203;0;9823;Sus scrofa;even-toed ungulates & whales;pig;Eukaryota;Chordata;Mammalia;Artiodactyla;Suidae;Sus;Sus scrofa
1914;ASV_0027;203;gi|1314672051|gb|MG250550.1|;MG250550;16690;3.20E-99;375;203;203;100;203;0;203;0;9823;Sus scrofa;even-toed ungulates & whales;pig;Eukaryota;Chordata;Mammalia;Artiodactyla;Suidae;Sus;Sus scrofa
1915;ASV_0027;203;gi|1314672037|gb|MG250549.1|;MG250549;16690;3.20E-99;375;203;203;100;203;0;203;0;9823;Sus scrofa;even-toed ungulates & whales;pig;Eukaryota;Chordata;Mammalia;Artiodactyla;Suidae;Sus;Sus scrofa
1916;ASV_0027;203;gi|1314672023|gb|MG250548.1|;MG250548;16690;3.20E-99;375;203;203;100;203;0;203;0;9823;Sus scrofa;even-toed ungulates & whales;pig;Eukaryota;Chordata;Mammalia;Artiodactyla;Suidae;Sus;Sus scrofa
1917;ASV_0027;203;gi|1314672009|gb|MG250547.1|;MG250547;16690;3.20E-99;375;203;203;100;203;0;203;0;9823;Sus scrofa;even-toed ungulates & whales;pig;Eukaryota;Chordata;Mammalia;Artiodactyla;Suidae;Sus;Sus scrofa
1918;ASV_0027;203;gi|1314671995|gb|MG250546.1|;MG250546;16690;3.20E-99;375;203;203;100;203;0;203;0;9823;Sus scrofa;even-toed ungulates & whales;pig;Eukaryota;Chordata;Mammalia;Artiodactyla;Suidae;Sus;Sus scrofa
1919;ASV_0027;203;gi|1314671981|gb|MG250545.1|;MG250545;16690;3.20E-99;375;203;203;100;203;0;203;0;9823;Sus scrofa;even-toed ungulates & whales;pig;Eukaryota;Chordata;Mammalia;Artiodactyla;Suidae;Sus;Sus scrofa
1920;ASV_0027;203;gi|1314671967|gb|MG250544.1|;MG250544;16690;3.20E-99;375;203;203;100;203;0;203;0;9823;Sus scrofa;even-toed ungulates & whales;pig;Eukaryota;Chordata;Mammalia;Artiodactyla;Suidae;Sus;Sus scrofa
1921;ASV_0027;203;gi|1314671925|gb|MG250541.1|;MG250541;16690;3.20E-99;375;203;203;100;203;0;203;0;9823;Sus scrofa;even-toed ungulates & whales;pig;Eukaryota;Chordata;Mammalia;Artiodactyla;Suidae;Sus;Sus scrofa
1922;ASV_0027;203;gi|1314671911|gb|MG250540.1|;MG250540;16690;3.20E-99;375;203;203;100;203;0;203;0;9823;Sus scrofa;even-toed ungulates & whales;pig;Eukaryota;Chordata;Mammalia;Artiodactyla;Suidae;Sus;Sus scrofa
1923;ASV_0027;203;gi|1314671897|gb|MG250539.1|;MG250539;16690;3.20E-99;375;203;203;100;203;0;203;0;9823;Sus scrofa;even-toed ungulates & whales;pig;Eukaryota;Chordata;Mammalia;Artiodactyla;Suidae;Sus;Sus scrofa
1924;ASV_0027;203;gi|1314671883|gb|MG250538.1|;MG250538;16690;3.20E-99;375;203;203;100;203;0;203;0;9823;Sus scrofa;even-toed ungulates & whales;pig;Eukaryota;Chordata;Mammalia;Artiodactyla;Suidae;Sus;Sus scrofa
1925;ASV_0027;203;gi|1314671869|gb|MG250537.1|;MG250537;16690;3.20E-99;375;203;203;100;203;0;203;0;9823;Sus scrofa;even-toed ungulates & whales;pig;Eukaryota;Chordata;Mammalia;Artiodactyla;Suidae;Sus;Sus scrofa
1926;ASV_0027;203;gi|1314671855|gb|MG250536.1|;MG250536;16690;3.20E-99;375;203;203;100;203;0;203;0;9823;Sus scrofa;even-toed ungulates & whales;pig;Eukaryota;Chordata;Mammalia;Artiodactyla;Suidae;Sus;Sus scrofa
1927;ASV_0027;203;gi|1314671841|gb|MG250535.1|;MG250535;16690;3.20E-99;375;203;203;100;203;0;203;0;9823;Sus scrofa;even-toed ungulates & whales;pig;Eukaryota;Chordata;Mammalia;Artiodactyla;Suidae;Sus;Sus scrofa
1928;ASV_0027;203;gi|1314671771|gb|MG250530.1|;MG250530;16690;3.20E-99;375;203;203;100;203;0;203;0;9823;Sus scrofa;even-toed ungulates & whales;pig;Eukaryota;Chordata;Mammalia;Artiodactyla;Suidae;Sus;Sus scrofa
1929;ASV_0027;203;gi|1314671743|gb|MG250528.1|;MG250528;16690;3.20E-99;375;203;203;100;203;0;203;0;9823;Sus scrofa;even-toed ungulates & whales;pig;Eukaryota;Chordata;Mammalia;Artiodactyla;Suidae;Sus;Sus scrofa
1930;ASV_0027;203;gi|1314671729|gb|MG250527.1|;MG250527;16690;3.20E-99;375;203;203;100;203;0;203;0;9823;Sus scrofa;even-toed ungulates & whales;pig;Eukaryota;Chordata;Mammalia;Artiodactyla;Suidae;Sus;Sus scrofa
1931;ASV_0027;203;gi|1314671715|gb|MG250526.1|;MG250526;16690;3.20E-99;375;203;203;100;203;0;203;0;9823;Sus scrofa;even-toed ungulates & whales;pig;Eukaryota;Chordata;Mammalia;Artiodactyla;Suidae;Sus;Sus scrofa
1932;ASV_0027;203;gi|1314671701|gb|MG250525.1|;MG250525;16690;3.20E-99;375;203;203;100;203;0;203;0;9823;Sus scrofa;even-toed ungulates & whales;pig;Eukaryota;Chordata;Mammalia;Artiodactyla;Suidae;Sus;Sus scrofa
1933;ASV_0027;203;gi|1314671687|gb|MG250524.1|;MG250524;16690;3.20E-99;375;203;203;100;203;0;203;0;9823;Sus scrofa;even-toed ungulates & whales;pig;Eukaryota;Chordata;Mammalia;Artiodactyla;Suidae;Sus;Sus scrofa
1934;ASV_0027;203;gi|1314671659|gb|MG250522.1|;MG250522;16691;3.20E-99;375;203;203;100;203;0;203;0;9823;Sus scrofa;even-toed ungulates & whales;pig;Eukaryota;Chordata;Mammalia;Artiodactyla;Suidae;Sus;Sus scrofa
1935;ASV_0027;203;gi|1314671645|gb|MG250521.1|;MG250521;16690;3.20E-99;375;203;203;100;203;0;203;0;9823;Sus scrofa;even-toed ungulates & whales;pig;Eukaryota;Chordata;Mammalia;Artiodactyla;Suidae;Sus;Sus scrofa
1936;ASV_0027;203;gi|1314671631|gb|MG250520.1|;MG250520;16690;3.20E-99;375;203;203;100;203;0;203;0;9823;Sus scrofa;even-toed ungulates & whales;pig;Eukaryota;Chordata;Mammalia;Artiodactyla;Suidae;Sus;Sus scrofa
1937;ASV_0027;203;gi|1314671617|gb|MG250519.1|;MG250519;16690;3.20E-99;375;203;203;100;203;0;203;0;9823;Sus scrofa;even-toed ungulates & whales;pig;Eukaryota;Chordata;Mammalia;Artiodactyla;Suidae;Sus;Sus scrofa
1938;ASV_0027;203;gi|1314671589|gb|MG250517.1|;MG250517;16690;3.20E-99;375;203;203;100;203;0;203;0;9823;Sus scrofa;even-toed ungulates & whales;pig;Eukaryota;Chordata;Mammalia;Artiodactyla;Suidae;Sus;Sus scrofa
1939;ASV_0027;203;gi|1314671575|gb|MG250516.1|;MG250516;16690;3.20E-99;375;203;203;100;203;0;203;0;9823;Sus scrofa;even-toed ungulates & whales;pig;Eukaryota;Chordata;Mammalia;Artiodactyla;Suidae;Sus;Sus scrofa
1940;ASV_0027;203;gi|1314671561|gb|MG250515.1|;MG250515;16690;3.20E-99;375;203;203;100;203;0;203;0;9823;Sus scrofa;even-toed ungulates & whales;pig;Eukaryota;Chordata;Mammalia;Artiodactyla;Suidae;Sus;Sus scrofa
1941;ASV_0027;203;gi|2727911360|gb|PP763988.1|;PP763988;16610;3.20E-99;375;203;203;100;203;0;203;0;9823;Sus scrofa;even-toed ungulates & whales;pig;Eukaryota;Chordata;Mammalia;Artiodactyla;Suidae;Sus;Sus scrofa
1942;ASV_0027;203;gi|2727911346|gb|PP763987.1|;PP763987;16610;3.20E-99;375;203;203;100;203;0;203;0;9823;Sus scrofa;even-toed ungulates & whales;pig;Eukaryota;Chordata;Mammalia;Artiodactyla;Suidae;Sus;Sus scrofa
1943;ASV_0027;203;gi|2727911332|gb|PP763986.1|;PP763986;16611;3.20E-99;375;203;203;100;203;0;203;0;9823;Sus scrofa;even-toed ungulates & whales;pig;Eukaryota;Chordata;Mammalia;Artiodactyla;Suidae;Sus;Sus scrofa
1944;ASV_0027;203;gi|2727911318|gb|PP763985.1|;PP763985;16610;3.20E-99;375;203;203;100;203;0;203;0;9823;Sus scrofa;even-toed ungulates & whales;pig;Eukaryota;Chordata;Mammalia;Artiodactyla;Suidae;Sus;Sus scrofa
1945;ASV_0027;203;gi|2727911304|gb|PP763984.1|;PP763984;16611;3.20E-99;375;203;203;100;203;0;203;0;9823;Sus scrofa;even-toed ungulates & whales;pig;Eukaryota;Chordata;Mammalia;Artiodactyla;Suidae;Sus;Sus scrofa
1946;ASV_0027;203;gi|2727911290|gb|PP763983.1|;PP763983;16610;3.20E-99;375;203;203;100;203;0;203;0;9823;Sus scrofa;even-toed ungulates & whales;pig;Eukaryota;Chordata;Mammalia;Artiodactyla;Suidae;Sus;Sus scrofa
1947;ASV_0027;203;gi|2727911276|gb|PP763982.1|;PP763982;16609;3.20E-99;375;203;203;100;203;0;203;0;9823;Sus scrofa;even-toed ungulates & whales;pig;Eukaryota;Chordata;Mammalia;Artiodactyla;Suidae;Sus;Sus scrofa
1948;ASV_0027;203;gi|2727911262|gb|PP763981.1|;PP763981;16609;3.20E-99;375;203;203;100;203;0;203;0;9823;Sus scrofa;even-toed ungulates & whales;pig;Eukaryota;Chordata;Mammalia;Artiodactyla;Suidae;Sus;Sus scrofa
1949;ASV_0027;203;gi|2727911220|gb|PP763978.1|;PP763978;16609;3.20E-99;375;203;203;100;203;0;203;0;9823;Sus scrofa;even-toed ungulates & whales;pig;Eukaryota;Chordata;Mammalia;Artiodactyla;Suidae;Sus;Sus scrofa
1950;ASV_0027;203;gi|2727911178|gb|PP763975.1|;PP763975;16610;3.20E-99;375;203;203;100;203;0;203;0;9823;Sus scrofa;even-toed ungulates & whales;pig;Eukaryota;Chordata;Mammalia;Artiodactyla;Suidae;Sus;Sus scrofa
1951;ASV_0027;203;gi|2727911164|gb|PP763974.1|;PP763974;16609;3.20E-99;375;203;203;100;203;0;203;0;9823;Sus scrofa;even-toed ungulates & whales;pig;Eukaryota;Chordata;Mammalia;Artiodactyla;Suidae;Sus;Sus scrofa
1952;ASV_0027;203;gi|2727911024|gb|PP763964.1|;PP763964;16618;3.20E-99;375;203;203;100;203;0;203;0;9823;Sus scrofa;even-toed ungulates & whales;pig;Eukaryota;Chordata;Mammalia;Artiodactyla;Suidae;Sus;Sus scrofa
1953;ASV_0027;203;gi|2727910828|gb|PP763950.1|;PP763950;16609;3.20E-99;375;203;203;100;203;0;203;0;9823;Sus scrofa;even-toed ungulates & whales;pig;Eukaryota;Chordata;Mammalia;Artiodactyla;Suidae;Sus;Sus scrofa
1954;ASV_0027;203;gi|2727910814|gb|PP763949.1|;PP763949;16609;3.20E-99;375;203;203;100;203;0;203;0;9823;Sus scrofa;even-toed ungulates & whales;pig;Eukaryota;Chordata;Mammalia;Artiodactyla;Suidae;Sus;Sus scrofa
1955;ASV_0027;203;gi|2727910800|gb|PP763948.1|;PP763948;16611;3.20E-99;375;203;203;100;203;0;203;0;9823;Sus scrofa;even-toed ungulates & whales;pig;Eukaryota;Chordata;Mammalia;Artiodactyla;Suidae;Sus;Sus scrofa
1956;ASV_0027;203;gi|2727910786|gb|PP763947.1|;PP763947;16611;3.20E-99;375;203;203;100;203;0;203;0;9823;Sus scrofa;even-toed ungulates & whales;pig;Eukaryota;Chordata;Mammalia;Artiodactyla;Suidae;Sus;Sus scrofa
1957;ASV_0027;203;gi|2727910772|gb|PP763946.1|;PP763946;16610;3.20E-99;375;203;203;100;203;0;203;0;9823;Sus scrofa;even-toed ungulates & whales;pig;Eukaryota;Chordata;Mammalia;Artiodactyla;Suidae;Sus;Sus scrofa
1958;ASV_0027;203;gi|2727910758|gb|PP763945.1|;PP763945;16611;3.20E-99;375;203;203;100;203;0;203;0;9823;Sus scrofa;even-toed ungulates & whales;pig;Eukaryota;Chordata;Mammalia;Artiodactyla;Suidae;Sus;Sus scrofa
1959;ASV_0027;203;gi|2727910744|gb|PP763944.1|;PP763944;16611;3.20E-99;375;203;203;100;203;0;203;0;9823;Sus scrofa;even-toed ungulates & whales;pig;Eukaryota;Chordata;Mammalia;Artiodactyla;Suidae;Sus;Sus scrofa
1960;ASV_0027;203;gi|2727910730|gb|PP763943.1|;PP763943;16610;3.20E-99;375;203;203;100;203;0;203;0;9823;Sus scrofa;even-toed ungulates & whales;pig;Eukaryota;Chordata;Mammalia;Artiodactyla;Suidae;Sus;Sus scrofa
1961;ASV_0027;203;gi|2727910716|gb|PP763942.1|;PP763942;16611;3.20E-99;375;203;203;100;203;0;203;0;9823;Sus scrofa;even-toed ungulates & whales;pig;Eukaryota;Chordata;Mammalia;Artiodactyla;Suidae;Sus;Sus scrofa
1962;ASV_0027;203;gi|2727910702|gb|PP763941.1|;PP763941;16611;3.20E-99;375;203;203;100;203;0;203;0;9823;Sus scrofa;even-toed ungulates & whales;pig;Eukaryota;Chordata;Mammalia;Artiodactyla;Suidae;Sus;Sus scrofa
1963;ASV_0027;203;gi|2727910688|gb|PP763940.1|;PP763940;16609;3.20E-99;375;203;203;100;203;0;203;0;9823;Sus scrofa;even-toed ungulates & whales;pig;Eukaryota;Chordata;Mammalia;Artiodactyla;Suidae;Sus;Sus scrofa
1964;ASV_0027;203;gi|2727910674|gb|PP763939.1|;PP763939;16610;3.20E-99;375;203;203;100;203;0;203;0;9823;Sus scrofa;even-toed ungulates & whales;pig;Eukaryota;Chordata;Mammalia;Artiodactyla;Suidae;Sus;Sus scrofa
1965;ASV_0027;203;gi|2727910660|gb|PP763938.1|;PP763938;16611;3.20E-99;375;203;203;100;203;0;203;0;9823;Sus scrofa;even-toed ungulates & whales;pig;Eukaryota;Chordata;Mammalia;Artiodactyla;Suidae;Sus;Sus scrofa
1966;ASV_0027;203;gi|2727910646|gb|PP763937.1|;PP763937;16611;3.20E-99;375;203;203;100;203;0;203;0;9823;Sus scrofa;even-toed ungulates & whales;pig;Eukaryota;Chordata;Mammalia;Artiodactyla;Suidae;Sus;Sus scrofa
1967;ASV_0027;203;gi|2727910632|gb|PP763936.1|;PP763936;16610;3.20E-99;375;203;203;100;203;0;203;0;9823;Sus scrofa;even-toed ungulates & whales;pig;Eukaryota;Chordata;Mammalia;Artiodactyla;Suidae;Sus;Sus scrofa
1968;ASV_0027;203;gi|2727910604|gb|PP763934.1|;PP763934;16610;3.20E-99;375;203;203;100;203;0;203;0;9823;Sus scrofa;even-toed ungulates & whales;pig;Eukaryota;Chordata;Mammalia;Artiodactyla;Suidae;Sus;Sus scrofa
1969;ASV_0027;203;gi|2727910576|gb|PP763932.1|;PP763932;16610;3.20E-99;375;203;203;100;203;0;203;0;9823;Sus scrofa;even-toed ungulates & whales;pig;Eukaryota;Chordata;Mammalia;Artiodactyla;Suidae;Sus;Sus scrofa
1970;ASV_0027;203;gi|2727910562|gb|PP763931.1|;PP763931;16610;3.20E-99;375;203;203;100;203;0;203;0;9823;Sus scrofa;even-toed ungulates & whales;pig;Eukaryota;Chordata;Mammalia;Artiodactyla;Suidae;Sus;Sus scrofa
1971;ASV_0027;203;gi|2727910548|gb|PP763930.1|;PP763930;16610;3.20E-99;375;203;203;100;203;0;203;0;9823;Sus scrofa;even-toed ungulates & whales;pig;Eukaryota;Chordata;Mammalia;Artiodactyla;Suidae;Sus;Sus scrofa
1972;ASV_0027;203;gi|2727910478|gb|PP763925.1|;PP763925;16610;3.20E-99;375;203;203;100;203;0;203;0;9823;Sus scrofa;even-toed ungulates & whales;pig;Eukaryota;Chordata;Mammalia;Artiodactyla;Suidae;Sus;Sus scrofa
1973;ASV_0027;203;gi|1184804288|gb|KX982660.1|;KX982660;16664;3.20E-99;375;203;203;100;203;0;203;0;9823;Sus scrofa;even-toed ungulates & whales;pig;Eukaryota;Chordata;Mammalia;Artiodactyla;Suidae;Sus;Sus scrofa
1974;ASV_0027;203;gi|1184804274|gb|KX982659.1|;KX982659;16762;3.20E-99;375;203;203;100;203;0;203;0;9823;Sus scrofa;even-toed ungulates & whales;pig;Eukaryota;Chordata;Mammalia;Artiodactyla;Suidae;Sus;Sus scrofa
1975;ASV_0027;203;gi|1184804232|gb|KX982656.1|;KX982656;16712;3.20E-99;375;203;203;100;203;0;203;0;9823;Sus scrofa;even-toed ungulates & whales;pig;Eukaryota;Chordata;Mammalia;Artiodactyla;Suidae;Sus;Sus scrofa
1976;ASV_0027;203;gi|1184804190|gb|KX982653.1|;KX982653;16652;3.20E-99;375;203;203;100;203;0;203;0;9823;Sus scrofa;even-toed ungulates & whales;pig;Eukaryota;Chordata;Mammalia;Artiodactyla;Suidae;Sus;Sus scrofa
1977;ASV_0027;203;gi|1184804148|gb|KX982650.1|;KX982650;16663;3.20E-99;375;203;203;100;203;0;203;0;9823;Sus scrofa;even-toed ungulates & whales;pig;Eukaryota;Chordata;Mammalia;Artiodactyla;Suidae;Sus;Sus scrofa
1978;ASV_0027;203;gi|1184804134|gb|KX982649.1|;KX982649;16661;3.20E-99;375;203;203;100;203;0;203;0;9823;Sus scrofa;even-toed ungulates & whales;pig;Eukaryota;Chordata;Mammalia;Artiodactyla;Suidae;Sus;Sus scrofa
1979;ASV_0027;203;gi|1184804120|gb|KX982648.1|;KX982648;16632;3.20E-99;375;203;203;100;203;0;203;0;9823;Sus scrofa;even-toed ungulates & whales;pig;Eukaryota;Chordata;Mammalia;Artiodactyla;Suidae;Sus;Sus scrofa
1980;ASV_0027;203;gi|1184804078|gb|KX982645.1|;KX982645;16611;3.20E-99;375;203;203;100;203;0;203;0;9823;Sus scrofa;even-toed ungulates & whales;pig;Eukaryota;Chordata;Mammalia;Artiodactyla;Suidae;Sus;Sus scrofa
1981;ASV_0027;203;gi|1184804064|gb|KX982644.1|;KX982644;16662;3.20E-99;375;203;203;100;203;0;203;0;9823;Sus scrofa;even-toed ungulates & whales;pig;Eukaryota;Chordata;Mammalia;Artiodactyla;Suidae;Sus;Sus scrofa
1982;ASV_0027;203;gi|1184804022|gb|KX982641.1|;KX982641;16662;3.20E-99;375;203;203;100;203;0;203;0;9823;Sus scrofa;even-toed ungulates & whales;pig;Eukaryota;Chordata;Mammalia;Artiodactyla;Suidae;Sus;Sus scrofa
1983;ASV_0027;203;gi|1184803980|gb|KX982638.1|;KX982638;16661;3.20E-99;375;203;203;100;203;0;203;0;9823;Sus scrofa;even-toed ungulates & whales;pig;Eukaryota;Chordata;Mammalia;Artiodactyla;Suidae;Sus;Sus scrofa
1984;ASV_0027;203;gi|1184803966|gb|KX982637.1|;KX982637;16662;3.20E-99;375;203;203;100;203;0;203;0;9823;Sus scrofa;even-toed ungulates & whales;pig;Eukaryota;Chordata;Mammalia;Artiodactyla;Suidae;Sus;Sus scrofa
1985;ASV_0027;203;gi|1184803952|gb|KX982636.1|;KX982636;16712;3.20E-99;375;203;203;100;203;0;203;0;9823;Sus scrofa;even-toed ungulates & whales;pig;Eukaryota;Chordata;Mammalia;Artiodactyla;Suidae;Sus;Sus scrofa
1986;ASV_0027;203;gi|1184803938|gb|KX982635.1|;KX982635;16665;3.20E-99;375;203;203;100;203;0;203;0;9823;Sus scrofa;even-toed ungulates & whales;pig;Eukaryota;Chordata;Mammalia;Artiodactyla;Suidae;Sus;Sus scrofa
1987;ASV_0027;203;gi|1184803924|gb|KX982634.1|;KX982634;16612;3.20E-99;375;203;203;100;203;0;203;0;9823;Sus scrofa;even-toed ungulates & whales;pig;Eukaryota;Chordata;Mammalia;Artiodactyla;Suidae;Sus;Sus scrofa
1988;ASV_0027;203;gi|1184803910|gb|KX982633.1|;KX982633;16611;3.20E-99;375;203;203;100;203;0;203;0;9823;Sus scrofa;even-toed ungulates & whales;pig;Eukaryota;Chordata;Mammalia;Artiodactyla;Suidae;Sus;Sus scrofa
1989;ASV_0027;203;gi|1184803896|gb|KX982632.1|;KX982632;16663;3.20E-99;375;203;203;100;203;0;203;0;9823;Sus scrofa;even-toed ungulates & whales;pig;Eukaryota;Chordata;Mammalia;Artiodactyla;Suidae;Sus;Sus scrofa
1990;ASV_0027;203;gi|1184803882|gb|KX982631.1|;KX982631;16663;3.20E-99;375;203;203;100;203;0;203;0;9823;Sus scrofa;even-toed ungulates & whales;pig;Eukaryota;Chordata;Mammalia;Artiodactyla;Suidae;Sus;Sus scrofa
1991;ASV_0027;203;gi|1184803868|gb|KX982630.1|;KX982630;16813;3.20E-99;375;203;203;100;203;0;203;0;9823;Sus scrofa;even-toed ungulates & whales;pig;Eukaryota;Chordata;Mammalia;Artiodactyla;Suidae;Sus;Sus scrofa
1992;ASV_0027;203;gi|1184803854|gb|KX982629.1|;KX982629;16712;3.20E-99;375;203;203;100;203;0;203;0;9823;Sus scrofa;even-toed ungulates & whales;pig;Eukaryota;Chordata;Mammalia;Artiodactyla;Suidae;Sus;Sus scrofa
1993;ASV_0027;203;gi|983635845|gb|KT194220.1|;KT194220;16710;3.20E-99;375;203;203;100;203;0;203;0;9823;Sus scrofa;even-toed ungulates & whales;pig;Eukaryota;Chordata;Mammalia;Artiodactyla;Suidae;Sus;Sus scrofa
1994;ASV_0027;203;gi|983635831|gb|KT194219.1|;KT194219;16710;3.20E-99;375;203;203;100;203;0;203;0;9823;Sus scrofa;even-toed ungulates & whales;pig;Eukaryota;Chordata;Mammalia;Artiodactyla;Suidae;Sus;Sus scrofa
1995;ASV_0027;203;gi|983635817|gb|KT194218.1|;KT194218;16730;3.20E-99;375;203;203;100;203;0;203;0;9823;Sus scrofa;even-toed ungulates & whales;pig;Eukaryota;Chordata;Mammalia;Artiodactyla;Suidae;Sus;Sus scrofa
1996;ASV_0027;203;gi|1084352609|gb|KX146493.1|;KX146493;16612;3.20E-99;375;203;203;100;203;0;203;0;9823;Sus scrofa;even-toed ungulates & whales;pig;Eukaryota;Chordata;Mammalia;Artiodactyla;Suidae;Sus;Sus scrofa
1997;ASV_0027;203;gi|1028336312|gb|KT943507.1|;KT943507;16690;3.20E-99;375;203;203;100;203;0;203;0;9823;Sus scrofa;even-toed ungulates & whales;pig;Eukaryota;Chordata;Mammalia;Artiodactyla;Suidae;Sus;Sus scrofa
1998;ASV_0027;203;gi|1071036342|gb|KX620012.1|;KX620012;16709;3.20E-99;375;203;203;100;203;0;203;0;9823;Sus scrofa;even-toed ungulates & whales;pig;Eukaryota;Chordata;Mammalia;Artiodactyla;Suidae;Sus;Sus scrofa
1999;ASV_0027;203;gi|1071036328|gb|KX620011.1|;KX620011;16710;3.20E-99;375;203;203;100;203;0;203;0;9823;Sus scrofa;even-toed ungulates & whales;pig;Eukaryota;Chordata;Mammalia;Artiodactyla;Suidae;Sus;Sus scrofa
2000;ASV_0027;203;gi|1071036314|gb|KX620010.1|;KX620010;16710;3.20E-99;375;203;203;100;203;0;203;0;9823;Sus scrofa;even-toed ungulates & whales;pig;Eukaryota;Chordata;Mammalia;Artiodactyla;Suidae;Sus;Sus scrofa
2001;ASV_0027;203;gi|1071036300|gb|KX620009.1|;KX620009;16710;3.20E-99;375;203;203;100;203;0;203;0;9823;Sus scrofa;even-toed ungulates & whales;pig;Eukaryota;Chordata;Mammalia;Artiodactyla;Suidae;Sus;Sus scrofa
2002;ASV_0027;203;gi|1071036286|gb|KX620008.1|;KX620008;16710;3.20E-99;375;203;203;100;203;0;203;0;9823;Sus scrofa;even-toed ungulates & whales;pig;Eukaryota;Chordata;Mammalia;Artiodactyla;Suidae;Sus;Sus scrofa
2003;ASV_0027;203;gi|2563111914|gb|OR268692.1|;OR268692;16540;3.20E-99;375;203;203;100;203;0;203;0;9823;Sus scrofa;even-toed ungulates & whales;pig;Eukaryota;Chordata;Mammalia;Artiodactyla;Suidae;Sus;Sus scrofa
2004;ASV_0027;203;gi|2561340859|gb|OR260476.1|;OR260476;16540;3.20E-99;375;203;203;100;203;0;203;0;9823;Sus scrofa;even-toed ungulates & whales;pig;Eukaryota;Chordata;Mammalia;Artiodactyla;Suidae;Sus;Sus scrofa
2005;ASV_0027;203;gi|2561340430|gb|OR255999.1|;OR255999;16565;3.20E-99;375;203;203;100;203;0;203;0;9823;Sus scrofa;even-toed ungulates & whales;pig;Eukaryota;Chordata;Mammalia;Artiodactyla;Suidae;Sus;Sus scrofa
2006;ASV_0027;203;gi|2512647706|gb|OQ689020.1|;OQ689020;16649;3.20E-99;375;203;203;100;203;0;203;0;9823;Sus scrofa;even-toed ungulates & whales;pig;Eukaryota;Chordata;Mammalia;Artiodactyla;Suidae;Sus;Sus scrofa
2007;ASV_0027;203;gi|974737461|gb|KT827218.1|;KT827218;559;3.20E-99;375;203;203;100;203;0;203;0;9823;Sus scrofa;even-toed ungulates & whales;pig;Eukaryota;Chordata;Mammalia;Artiodactyla;Suidae;Sus;Sus scrofa
2008;ASV_0027;203;gi|974737455|gb|KT827212.1|;KT827212;533;3.20E-99;375;203;203;100;203;0;203;0;9823;Sus scrofa;even-toed ungulates & whales;pig;Eukaryota;Chordata;Mammalia;Artiodactyla;Suidae;Sus;Sus scrofa
2009;ASV_0027;203;gi|974737449|gb|KT827206.1|;KT827206;558;3.20E-99;375;203;203;100;203;0;203;0;9823;Sus scrofa;even-toed ungulates & whales;pig;Eukaryota;Chordata;Mammalia;Artiodactyla;Suidae;Sus;Sus scrofa
2010;ASV_0027;203;gi|727826711|gb|KM998967.1|;KM998967;16708;3.20E-99;375;203;203;100;203;0;203;0;9823;Sus scrofa;even-toed ungulates & whales;pig;Eukaryota;Chordata;Mammalia;Artiodactyla;Suidae;Sus;Sus scrofa
2011;ASV_0027;203;gi|2445127560|gb|OQ443265.1|;OQ443265;459;3.20E-99;375;203;203;100;203;0;203;0;9823;Sus scrofa;even-toed ungulates & whales;pig;Eukaryota;Chordata;Mammalia;Artiodactyla;Suidae;Sus;Sus scrofa
2012;ASV_0027;203;gi|2425832297|gb|OQ231465.1|;OQ231465;1431;3.20E-99;375;203;203;100;203;0;203;0;310261;Sus scrofa taivanus;even-toed ungulates & whales;Sus scrofa taivanus;Eukaryota;Chordata;Mammalia;Artiodactyla;Suidae;Sus;Sus scrofa
2013;ASV_0027;203;gi|2414081400|gb|ON706057.1|;ON706057;16690;3.20E-99;375;203;203;100;203;0;203;0;9825;Sus scrofa domesticus;even-toed ungulates & whales;domestic pig;Eukaryota;Chordata;Mammalia;Artiodactyla;Suidae;Sus;Sus scrofa
2014;ASV_0027;203;gi|814936710|gb|KP223728.1|;KP223728;16532;3.20E-99;375;203;203;100;203;0;203;0;9823;Sus scrofa;even-toed ungulates & whales;pig;Eukaryota;Chordata;Mammalia;Artiodactyla;Suidae;Sus;Sus scrofa
2015;ASV_0027;203;gi|817530226|ref|NC_026992.1|;NC_026992;16480;3.20E-99;375;203;203;100;203;0;203;0;41807;Sus barbatus;even-toed ungulates & whales;bearded pig;Eukaryota;Chordata;Mammalia;Artiodactyla;Suidae;Sus;Sus barbatus
2016;ASV_0027;203;gi|808177089|gb|KP765605.1|;KP765605;16720;3.20E-99;375;203;203;100;203;0;203;0;9823;Sus scrofa;even-toed ungulates & whales;pig;Eukaryota;Chordata;Mammalia;Artiodactyla;Suidae;Sus;Sus scrofa
2017;ASV_0027;203;gi|808177075|gb|KP765604.1|;KP765604;16730;3.20E-99;375;203;203;100;203;0;203;0;9823;Sus scrofa;even-toed ungulates & whales;pig;Eukaryota;Chordata;Mammalia;Artiodactyla;Suidae;Sus;Sus scrofa
2018;ASV_0027;203;gi|808177061|gb|KP765603.1|;KP765603;16760;3.20E-99;375;203;203;100;203;0;203;0;9823;Sus scrofa;even-toed ungulates & whales;pig;Eukaryota;Chordata;Mammalia;Artiodactyla;Suidae;Sus;Sus scrofa
2019;ASV_0027;203;gi|794460880|gb|KP681245.1|;KP681245;16689;3.20E-99;375;203;203;100;203;0;203;0;9823;Sus scrofa;even-toed ungulates & whales;pig;Eukaryota;Chordata;Mammalia;Artiodactyla;Suidae;Sus;Sus scrofa
2020;ASV_0027;203;gi|794460847|gb|KP681244.1|;KP681244;16729;3.20E-99;375;203;203;100;203;0;203;0;9823;Sus scrofa;even-toed ungulates & whales;pig;Eukaryota;Chordata;Mammalia;Artiodactyla;Suidae;Sus;Sus scrofa
2021;ASV_0027;203;gi|794460770|gb|KP681242.1|;KP681242;16700;3.20E-99;375;203;203;100;203;0;203;0;9823;Sus scrofa;even-toed ungulates & whales;pig;Eukaryota;Chordata;Mammalia;Artiodactyla;Suidae;Sus;Sus scrofa
2022;ASV_0027;203;gi|2327629298|gb|ON715893.1|;ON715893;16690;3.20E-99;375;203;203;100;203;0;203;0;9825;Sus scrofa domesticus;even-toed ungulates & whales;domestic pig;Eukaryota;Chordata;Mammalia;Artiodactyla;Suidae;Sus;Sus scrofa
2023;ASV_0027;203;gi|2311028818|gb|OL435713.1|;OL435713;16611;3.20E-99;375;203;203;100;203;0;203;0;9823;Sus scrofa;even-toed ungulates & whales;pig;Eukaryota;Chordata;Mammalia;Artiodactyla;Suidae;Sus;Sus scrofa
2024;ASV_0027;203;gi|757173677|gb|KP301137.1|;KP301137;16770;3.20E-99;375;203;203;100;203;0;203;0;415978;Sus scrofa scrofa;even-toed ungulates & whales;Sus scrofa scrofa;Eukaryota;Chordata;Mammalia;Artiodactyla;Suidae;Sus;Sus scrofa
2025;ASV_0027;203;gi|756141089|gb|KP257599.1|;KP257599;16720;3.20E-99;375;203;203;100;203;0;203;0;9823;Sus scrofa;even-toed ungulates & whales;pig;Eukaryota;Chordata;Mammalia;Artiodactyla;Suidae;Sus;Sus scrofa
2026;ASV_0027;203;gi|756141075|gb|KP257598.1|;KP257598;16760;3.20E-99;375;203;203;100;203;0;203;0;9823;Sus scrofa;even-toed ungulates & whales;pig;Eukaryota;Chordata;Mammalia;Artiodactyla;Suidae;Sus;Sus scrofa
2027;ASV_0027;203;gi|748762956|gb|KP126954.1|;KP126954;16730;3.20E-99;375;203;203;100;203;0;203;0;9823;Sus scrofa;even-toed ungulates & whales;pig;Eukaryota;Chordata;Mammalia;Artiodactyla;Suidae;Sus;Sus scrofa
2028;ASV_0027;203;gi|699046396|gb|KM275217.1|;KM275217;16710;3.20E-99;375;203;203;100;203;0;203;0;9823;Sus scrofa;even-toed ungulates & whales;pig;Eukaryota;Chordata;Mammalia;Artiodactyla;Suidae;Sus;Sus scrofa
2029;ASV_0027;203;gi|698854369|gb|KM200762.1|;KM200762;16709;3.20E-99;375;203;203;100;203;0;203;0;9823;Sus scrofa;even-toed ungulates & whales;pig;Eukaryota;Chordata;Mammalia;Artiodactyla;Suidae;Sus;Sus scrofa
2030;ASV_0027;203;gi|698174237|gb|KM433673.1|;KM433673;16699;3.20E-99;375;203;203;100;203;0;203;0;9823;Sus scrofa;even-toed ungulates & whales;pig;Eukaryota;Chordata;Mammalia;Artiodactyla;Suidae;Sus;Sus scrofa
2031;ASV_0027;203;gi|697738703|gb|KM250424.1|;KM250424;16772;3.20E-99;375;203;203;100;203;0;203;0;9823;Sus scrofa;even-toed ungulates & whales;pig;Eukaryota;Chordata;Mammalia;Artiodactyla;Suidae;Sus;Sus scrofa
2032;ASV_0027;203;gi|697738682|gb|KM259826.1|;KM259826;16709;3.20E-99;375;203;203;100;203;0;203;0;9823;Sus scrofa;even-toed ungulates & whales;pig;Eukaryota;Chordata;Mammalia;Artiodactyla;Suidae;Sus;Sus scrofa
2033;ASV_0027;203;gi|693583948|gb|KM044240.1|;KM044240;16720;3.20E-99;375;203;203;100;203;0;203;0;9823;Sus scrofa;even-toed ungulates & whales;pig;Eukaryota;Chordata;Mammalia;Artiodactyla;Suidae;Sus;Sus scrofa
2034;ASV_0027;203;gi|693583934|gb|KM044239.1|;KM044239;16710;3.20E-99;375;203;203;100;203;0;203;0;9823;Sus scrofa;even-toed ungulates & whales;pig;Eukaryota;Chordata;Mammalia;Artiodactyla;Suidae;Sus;Sus scrofa
2035;ASV_0027;203;gi|689197688|gb|KM073256.1|;KM073256;16710;3.20E-99;375;203;203;100;203;0;203;0;9823;Sus scrofa;even-toed ungulates & whales;pig;Eukaryota;Chordata;Mammalia;Artiodactyla;Suidae;Sus;Sus scrofa
2036;ASV_0027;203;gi|2250084220|gb|OM634652.1|;OM634652;16690;3.20E-99;375;203;203;100;203;0;203;0;9825;Sus scrofa domesticus;even-toed ungulates & whales;domestic pig;Eukaryota;Chordata;Mammalia;Artiodactyla;Suidae;Sus;Sus scrofa
2037;ASV_0027;203;gi|2250084206|gb|OM617468.1|;OM617468;16690;3.20E-99;375;203;203;100;203;0;203;0;9825;Sus scrofa domesticus;even-toed ungulates & whales;domestic pig;Eukaryota;Chordata;Mammalia;Artiodactyla;Suidae;Sus;Sus scrofa
2038;ASV_0027;203;gi|2250084192|gb|OM468891.1|;OM468891;16691;3.20E-99;375;203;203;100;203;0;203;0;9825;Sus scrofa domesticus;even-toed ungulates & whales;domestic pig;Eukaryota;Chordata;Mammalia;Artiodactyla;Suidae;Sus;Sus scrofa
2039;ASV_0027;203;gi|2250084178|gb|OM453834.1|;OM453834;16691;3.20E-99;375;203;203;100;203;0;203;0;9825;Sus scrofa domesticus;even-toed ungulates & whales;domestic pig;Eukaryota;Chordata;Mammalia;Artiodactyla;Suidae;Sus;Sus scrofa
2040;ASV_0027;203;gi|2250084164|gb|OM386979.1|;OM386979;16691;3.20E-99;375;203;203;100;203;0;203;0;9825;Sus scrofa domesticus;even-toed ungulates & whales;domestic pig;Eukaryota;Chordata;Mammalia;Artiodactyla;Suidae;Sus;Sus scrofa
2041;ASV_0027;203;gi|2250084150|gb|OM363676.1|;OM363676;16692;3.20E-99;375;203;203;100;203;0;203;0;9825;Sus scrofa domesticus;even-toed ungulates & whales;domestic pig;Eukaryota;Chordata;Mammalia;Artiodactyla;Suidae;Sus;Sus scrofa
2042;ASV_0027;203;gi|2248387900|gb|ON060839.1|;ON060839;16560;3.20E-99;375;203;203;100;203;0;203;0;9823;Sus scrofa;even-toed ungulates & whales;pig;Eukaryota;Chordata;Mammalia;Artiodactyla;Suidae;Sus;Sus scrofa
2043;ASV_0027;203;gi|2186271351|gb|OM069301.1|;OM069301;16691;3.20E-99;375;203;203;100;203;0;203;0;9825;Sus scrofa domesticus;even-toed ungulates & whales;domestic pig;Eukaryota;Chordata;Mammalia;Artiodactyla;Suidae;Sus;Sus scrofa
2044;ASV_0027;203;gi|673922063|gb|KM101043.1|;KM101043;16709;3.20E-99;375;203;203;100;203;0;203;0;9823;Sus scrofa;even-toed ungulates & whales;pig;Eukaryota;Chordata;Mammalia;Artiodactyla;Suidae;Sus;Sus scrofa
2045;ASV_0027;203;gi|2172426986|gb|MZ703185.1|;MZ703185;16691;3.20E-99;375;203;203;100;203;0;203;0;9825;Sus scrofa domesticus;even-toed ungulates & whales;domestic pig;Eukaryota;Chordata;Mammalia;Artiodactyla;Suidae;Sus;Sus scrofa
2046;ASV_0027;203;gi|671184751|gb|KJ737423.1|;KJ737423;16700;3.20E-99;375;203;203;100;203;0;203;0;9823;Sus scrofa;even-toed ungulates & whales;pig;Eukaryota;Chordata;Mammalia;Artiodactyla;Suidae;Sus;Sus scrofa
2047;ASV_0027;203;gi|671184723|gb|KJ737421.1|;KJ737421;16780;3.20E-99;375;203;203;100;203;0;203;0;9823;Sus scrofa;even-toed ungulates & whales;pig;Eukaryota;Chordata;Mammalia;Artiodactyla;Suidae;Sus;Sus scrofa
2048;ASV_0027;203;gi|671184709|gb|KJ737420.1|;KJ737420;16678;3.20E-99;375;203;203;100;203;0;203;0;9823;Sus scrofa;even-toed ungulates & whales;pig;Eukaryota;Chordata;Mammalia;Artiodactyla;Suidae;Sus;Sus scrofa
2049;ASV_0027;203;gi|671184695|gb|KJ737419.1|;KJ737419;16685;3.20E-99;375;203;203;100;203;0;203;0;9823;Sus scrofa;even-toed ungulates & whales;pig;Eukaryota;Chordata;Mammalia;Artiodactyla;Suidae;Sus;Sus scrofa
2050;ASV_0027;203;gi|671184681|gb|KJ737418.1|;KJ737418;16729;3.20E-99;375;203;203;100;203;0;203;0;9823;Sus scrofa;even-toed ungulates & whales;pig;Eukaryota;Chordata;Mammalia;Artiodactyla;Suidae;Sus;Sus scrofa
2051;ASV_0027;203;gi|671184667|gb|KJ737417.1|;KJ737417;16750;3.20E-99;375;203;203;100;203;0;203;0;9823;Sus scrofa;even-toed ungulates & whales;pig;Eukaryota;Chordata;Mammalia;Artiodactyla;Suidae;Sus;Sus scrofa
2052;ASV_0027;203;gi|670804638|gb|KJ909516.1|;KJ909516;16689;3.20E-99;375;203;203;100;203;0;203;0;9823;Sus scrofa;even-toed ungulates & whales;pig;Eukaryota;Chordata;Mammalia;Artiodactyla;Suidae;Sus;Sus scrofa
2053;ASV_0027;203;gi|669176294|gb|KJ746665.1|;KJ746665;16692;3.20E-99;375;203;203;100;203;0;203;0;9825;Sus scrofa domesticus;even-toed ungulates & whales;domestic pig;Eukaryota;Chordata;Mammalia;Artiodactyla;Suidae;Sus;Sus scrofa
2054;ASV_0027;203;gi|669176266|gb|KJ746663.1|;KJ746663;16661;3.20E-99;375;203;203;100;203;0;203;0;9825;Sus scrofa domesticus;even-toed ungulates & whales;domestic pig;Eukaryota;Chordata;Mammalia;Artiodactyla;Suidae;Sus;Sus scrofa
2055;ASV_0027;203;gi|669176252|gb|KJ746662.1|;KJ746662;16677;3.20E-99;375;203;203;100;203;0;203;0;9825;Sus scrofa domesticus;even-toed ungulates & whales;domestic pig;Eukaryota;Chordata;Mammalia;Artiodactyla;Suidae;Sus;Sus scrofa
2056;ASV_0027;203;gi|668349796|gb|KJ720205.1|;KJ720205;16710;3.20E-99;375;203;203;100;203;0;203;0;9823;Sus scrofa;even-toed ungulates & whales;pig;Eukaryota;Chordata;Mammalia;Artiodactyla;Suidae;Sus;Sus scrofa
2057;ASV_0027;203;gi|2165718074|gb|OL547482.1|;OL547482;16695;3.20E-99;375;203;203;100;203;0;203;0;9823;Sus scrofa;even-toed ungulates & whales;pig;Eukaryota;Chordata;Mammalia;Artiodactyla;Suidae;Sus;Sus scrofa
2058;ASV_0027;203;gi|2165718046|gb|OL547480.1|;OL547480;16750;3.20E-99;375;203;203;100;203;0;203;0;9823;Sus scrofa;even-toed ungulates & whales;pig;Eukaryota;Chordata;Mammalia;Artiodactyla;Suidae;Sus;Sus scrofa
2059;ASV_0027;203;gi|2165718018|gb|OL547478.1|;OL547478;16712;3.20E-99;375;203;203;100;203;0;203;0;9823;Sus scrofa;even-toed ungulates & whales;pig;Eukaryota;Chordata;Mammalia;Artiodactyla;Suidae;Sus;Sus scrofa
2060;ASV_0027;203;gi|2165718004|gb|OL547477.1|;OL547477;16757;3.20E-99;375;203;203;100;203;0;203;0;9823;Sus scrofa;even-toed ungulates & whales;pig;Eukaryota;Chordata;Mammalia;Artiodactyla;Suidae;Sus;Sus scrofa
2061;ASV_0027;203;gi|2165717905|gb|OL547470.1|;OL547470;16709;3.20E-99;375;203;203;100;203;0;203;0;9823;Sus scrofa;even-toed ungulates & whales;pig;Eukaryota;Chordata;Mammalia;Artiodactyla;Suidae;Sus;Sus scrofa
2062;ASV_0027;203;gi|2165717849|gb|OL547466.1|;OL547466;16704;3.20E-99;375;203;203;100;203;0;203;0;9823;Sus scrofa;even-toed ungulates & whales;pig;Eukaryota;Chordata;Mammalia;Artiodactyla;Suidae;Sus;Sus scrofa
2063;ASV_0027;203;gi|2165717821|gb|OL547464.1|;OL547464;16705;3.20E-99;375;203;203;100;203;0;203;0;9823;Sus scrofa;even-toed ungulates & whales;pig;Eukaryota;Chordata;Mammalia;Artiodactyla;Suidae;Sus;Sus scrofa
2064;ASV_0027;203;gi|2165717793|gb|OL547462.1|;OL547462;16683;3.20E-99;375;203;203;100;203;0;203;0;9823;Sus scrofa;even-toed ungulates & whales;pig;Eukaryota;Chordata;Mammalia;Artiodactyla;Suidae;Sus;Sus scrofa
2065;ASV_0027;203;gi|2165717779|gb|OL547461.1|;OL547461;16687;3.20E-99;375;203;203;100;203;0;203;0;9823;Sus scrofa;even-toed ungulates & whales;pig;Eukaryota;Chordata;Mammalia;Artiodactyla;Suidae;Sus;Sus scrofa
2066;ASV_0027;203;gi|2165717765|gb|OL547460.1|;OL547460;16694;3.20E-99;375;203;203;100;203;0;203;0;9823;Sus scrofa;even-toed ungulates & whales;pig;Eukaryota;Chordata;Mammalia;Artiodactyla;Suidae;Sus;Sus scrofa
2067;ASV_0027;203;gi|2165717723|gb|OL547457.1|;OL547457;16688;3.20E-99;375;203;203;100;203;0;203;0;9823;Sus scrofa;even-toed ungulates & whales;pig;Eukaryota;Chordata;Mammalia;Artiodactyla;Suidae;Sus;Sus scrofa
2068;ASV_0027;203;gi|2165717709|gb|OL547456.1|;OL547456;16714;3.20E-99;375;203;203;100;203;0;203;0;9823;Sus scrofa;even-toed ungulates & whales;pig;Eukaryota;Chordata;Mammalia;Artiodactyla;Suidae;Sus;Sus scrofa
2069;ASV_0027;203;gi|2165717695|gb|OL547455.1|;OL547455;16697;3.20E-99;375;203;203;100;203;0;203;0;9823;Sus scrofa;even-toed ungulates & whales;pig;Eukaryota;Chordata;Mammalia;Artiodactyla;Suidae;Sus;Sus scrofa
2070;ASV_0027;203;gi|2165717611|gb|OL547449.1|;OL547449;16709;3.20E-99;375;203;203;100;203;0;203;0;9823;Sus scrofa;even-toed ungulates & whales;pig;Eukaryota;Chordata;Mammalia;Artiodactyla;Suidae;Sus;Sus scrofa
2071;ASV_0027;203;gi|2165717597|gb|OL547448.1|;OL547448;16747;3.20E-99;375;203;203;100;203;0;203;0;9823;Sus scrofa;even-toed ungulates & whales;pig;Eukaryota;Chordata;Mammalia;Artiodactyla;Suidae;Sus;Sus scrofa
2072;ASV_0027;203;gi|2165717583|gb|OL547447.1|;OL547447;16727;3.20E-99;375;203;203;100;203;0;203;0;9823;Sus scrofa;even-toed ungulates & whales;pig;Eukaryota;Chordata;Mammalia;Artiodactyla;Suidae;Sus;Sus scrofa
2073;ASV_0027;203;gi|2165717569|gb|OL547446.1|;OL547446;16694;3.20E-99;375;203;203;100;203;0;203;0;9823;Sus scrofa;even-toed ungulates & whales;pig;Eukaryota;Chordata;Mammalia;Artiodactyla;Suidae;Sus;Sus scrofa
2074;ASV_0027;203;gi|2165717541|gb|OL547444.1|;OL547444;16756;3.20E-99;375;203;203;100;203;0;203;0;9823;Sus scrofa;even-toed ungulates & whales;pig;Eukaryota;Chordata;Mammalia;Artiodactyla;Suidae;Sus;Sus scrofa
2075;ASV_0027;203;gi|2165717527|gb|OL547443.1|;OL547443;16747;3.20E-99;375;203;203;100;203;0;203;0;9823;Sus scrofa;even-toed ungulates & whales;pig;Eukaryota;Chordata;Mammalia;Artiodactyla;Suidae;Sus;Sus scrofa
2076;ASV_0027;203;gi|2165717513|gb|OL547442.1|;OL547442;16721;3.20E-99;375;203;203;100;203;0;203;0;9823;Sus scrofa;even-toed ungulates & whales;pig;Eukaryota;Chordata;Mammalia;Artiodactyla;Suidae;Sus;Sus scrofa
2077;ASV_0027;203;gi|2108671987|gb|MZ647672.1|;MZ647672;16690;3.20E-99;375;203;203;100;203;0;203;0;9825;Sus scrofa domesticus;even-toed ungulates & whales;domestic pig;Eukaryota;Chordata;Mammalia;Artiodactyla;Suidae;Sus;Sus scrofa
2078;ASV_0027;203;gi|2102343205|gb|MW534270.1|;MW534270;16710;3.20E-99;375;203;203;100;203;0;203;0;9825;Sus scrofa domesticus;even-toed ungulates & whales;domestic pig;Eukaryota;Chordata;Mammalia;Artiodactyla;Suidae;Sus;Sus scrofa
2079;ASV_0027;203;gi|465481242|gb|KC505411.1|;KC505411;16733;3.20E-99;375;203;203;100;203;0;203;0;9823;Sus scrofa;even-toed ungulates & whales;pig;Eukaryota;Chordata;Mammalia;Artiodactyla;Suidae;Sus;Sus scrofa
2080;ASV_0027;203;gi|465481213|gb|KC505409.1|;KC505409;16841;3.20E-99;375;203;203;100;203;0;203;0;9823;Sus scrofa;even-toed ungulates & whales;pig;Eukaryota;Chordata;Mammalia;Artiodactyla;Suidae;Sus;Sus scrofa
2081;ASV_0027;203;gi|465481196|gb|KC505408.1|;KC505408;16700;3.20E-99;375;203;203;100;203;0;203;0;9823;Sus scrofa;even-toed ungulates & whales;pig;Eukaryota;Chordata;Mammalia;Artiodactyla;Suidae;Sus;Sus scrofa
2082;ASV_0027;203;gi|465481179|gb|KC505407.1|;KC505407;16760;3.20E-99;375;203;203;100;203;0;203;0;9823;Sus scrofa;even-toed ungulates & whales;pig;Eukaryota;Chordata;Mammalia;Artiodactyla;Suidae;Sus;Sus scrofa
2083;ASV_0027;203;gi|465481160|gb|KC505406.1|;KC505406;16730;3.20E-99;375;203;203;100;203;0;203;0;9823;Sus scrofa;even-toed ungulates & whales;pig;Eukaryota;Chordata;Mammalia;Artiodactyla;Suidae;Sus;Sus scrofa
2084;ASV_0027;203;gi|460418124|gb|KC493612.1|;KC493612;16730;3.20E-99;375;203;203;100;203;0;203;0;9823;Sus scrofa;even-toed ungulates & whales;pig;Eukaryota;Chordata;Mammalia;Artiodactyla;Suidae;Sus;Sus scrofa
2085;ASV_0027;203;gi|460418110|gb|KC493611.1|;KC493611;16758;3.20E-99;375;203;203;100;203;0;203;0;9823;Sus scrofa;even-toed ungulates & whales;pig;Eukaryota;Chordata;Mammalia;Artiodactyla;Suidae;Sus;Sus scrofa
2086;ASV_0027;203;gi|460418096|gb|KC493610.1|;KC493610;16742;3.20E-99;375;203;203;100;203;0;203;0;9823;Sus scrofa;even-toed ungulates & whales;pig;Eukaryota;Chordata;Mammalia;Artiodactyla;Suidae;Sus;Sus scrofa
2087;ASV_0027;203;gi|460418082|gb|KC493609.1|;KC493609;16730;3.20E-99;375;203;203;100;203;0;203;0;9823;Sus scrofa;even-toed ungulates & whales;pig;Eukaryota;Chordata;Mammalia;Artiodactyla;Suidae;Sus;Sus scrofa
2088;ASV_0027;203;gi|460418068|gb|KC493608.1|;KC493608;16709;3.20E-99;375;203;203;100;203;0;203;0;9823;Sus scrofa;even-toed ungulates & whales;pig;Eukaryota;Chordata;Mammalia;Artiodactyla;Suidae;Sus;Sus scrofa
2089;ASV_0027;203;gi|460418054|gb|KC493607.1|;KC493607;16730;3.20E-99;375;203;203;100;203;0;203;0;9823;Sus scrofa;even-toed ungulates & whales;pig;Eukaryota;Chordata;Mammalia;Artiodactyla;Suidae;Sus;Sus scrofa
2090;ASV_0027;203;gi|557880992|gb|KF660222.1|;KF660222;16700;3.20E-99;375;203;203;100;203;0;203;0;415978;Sus scrofa scrofa;even-toed ungulates & whales;Sus scrofa scrofa;Eukaryota;Chordata;Mammalia;Artiodactyla;Suidae;Sus;Sus scrofa
2091;ASV_0027;203;gi|557161781|gb|KF601700.1|;KF601700;16710;3.20E-99;375;203;203;100;203;0;203;0;9823;Sus scrofa;even-toed ungulates & whales;pig;Eukaryota;Chordata;Mammalia;Artiodactyla;Suidae;Sus;Sus scrofa
2092;ASV_0027;203;gi|2076239742|gb|MT501674.1|;MT501674;16690;3.20E-99;375;203;203;100;203;0;203;0;9823;Sus scrofa;even-toed ungulates & whales;"domestic pig""";Eukaryota;Chordata;Mammalia;Artiodactyla;Suidae;Sus;Sus scrofa
2093;ASV_0027;203;gi|550600859|gb|KF472179.1|;KF472179;16690;3.20E-99;375;203;203;100;203;0;203;0;9823;Sus scrofa;even-toed ungulates & whales;pig;Eukaryota;Chordata;Mammalia;Artiodactyla;Suidae;Sus;Sus scrofa
2094;ASV_0027;203;gi|550600845|gb|KF472178.1|;KF472178;16690;3.20E-99;375;203;203;100;203;0;203;0;9823;Sus scrofa;even-toed ungulates & whales;pig;Eukaryota;Chordata;Mammalia;Artiodactyla;Suidae;Sus;Sus scrofa
2095;ASV_0027;203;gi|2046218688|gb|MN025258.1|;MN025258;16508;3.20E-99;375;203;203;100;203;0;203;0;9825;Sus scrofa domesticus;even-toed ungulates & whales;domestic pig;Eukaryota;Chordata;Mammalia;Artiodactyla;Suidae;Sus;Sus scrofa
2096;ASV_0027;203;gi|2044000943|gb|MK858179.1|;MK858179;16730;3.20E-99;375;203;203;100;203;0;203;0;9823;Sus scrofa;even-toed ungulates & whales;pig;Eukaryota;Chordata;Mammalia;Artiodactyla;Suidae;Sus;Sus scrofa
2097;ASV_0027;203;gi|2044000929|gb|MK858178.1|;MK858178;16700;3.20E-99;375;203;203;100;203;0;203;0;9823;Sus scrofa;even-toed ungulates & whales;pig;Eukaryota;Chordata;Mammalia;Artiodactyla;Suidae;Sus;Sus scrofa
2098;ASV_0027;203;gi|2044000915|gb|MK858177.1|;MK858177;16730;3.20E-99;375;203;203;100;203;0;203;0;9823;Sus scrofa;even-toed ungulates & whales;pig;Eukaryota;Chordata;Mammalia;Artiodactyla;Suidae;Sus;Sus scrofa
2099;ASV_0027;203;gi|2044000901|gb|MK858176.1|;MK858176;16740;3.20E-99;375;203;203;100;203;0;203;0;9823;Sus scrofa;even-toed ungulates & whales;pig;Eukaryota;Chordata;Mammalia;Artiodactyla;Suidae;Sus;Sus scrofa
2100;ASV_0027;203;gi|2044000887|gb|MK858175.1|;MK858175;16710;3.20E-99;375;203;203;100;203;0;203;0;9823;Sus scrofa;even-toed ungulates & whales;pig;Eukaryota;Chordata;Mammalia;Artiodactyla;Suidae;Sus;Sus scrofa
2101;ASV_0027;203;gi|2044000873|gb|MK858174.1|;MK858174;16730;3.20E-99;375;203;203;100;203;0;203;0;9823;Sus scrofa;even-toed ungulates & whales;pig;Eukaryota;Chordata;Mammalia;Artiodactyla;Suidae;Sus;Sus scrofa
2102;ASV_0027;203;gi|2044000859|gb|MK858173.1|;MK858173;16719;3.20E-99;375;203;203;100;203;0;203;0;9823;Sus scrofa;even-toed ungulates & whales;pig;Eukaryota;Chordata;Mammalia;Artiodactyla;Suidae;Sus;Sus scrofa
2103;ASV_0027;203;gi|2044000845|gb|MK858172.1|;MK858172;16759;3.20E-99;375;203;203;100;203;0;203;0;9823;Sus scrofa;even-toed ungulates & whales;pig;Eukaryota;Chordata;Mammalia;Artiodactyla;Suidae;Sus;Sus scrofa
2104;ASV_0027;203;gi|2044000831|gb|MK858171.1|;MK858171;16749;3.20E-99;375;203;203;100;203;0;203;0;9823;Sus scrofa;even-toed ungulates & whales;pig;Eukaryota;Chordata;Mammalia;Artiodactyla;Suidae;Sus;Sus scrofa
2105;ASV_0027;203;gi|2044000817|gb|MK858170.1|;MK858170;16749;3.20E-99;375;203;203;100;203;0;203;0;9823;Sus scrofa;even-toed ungulates & whales;pig;Eukaryota;Chordata;Mammalia;Artiodactyla;Suidae;Sus;Sus scrofa
2106;ASV_0027;203;gi|2044000803|gb|MK858169.1|;MK858169;16760;3.20E-99;375;203;203;100;203;0;203;0;9823;Sus scrofa;even-toed ungulates & whales;pig;Eukaryota;Chordata;Mammalia;Artiodactyla;Suidae;Sus;Sus scrofa
2107;ASV_0027;203;gi|2037092945|gb|MK746097.1|;MK746097;16750;3.20E-99;375;203;203;100;203;0;203;0;9823;Sus scrofa;even-toed ungulates & whales;pig;Eukaryota;Chordata;Mammalia;Artiodactyla;Suidae;Sus;Sus scrofa
2108;ASV_0027;203;gi|2037092931|gb|MK746096.1|;MK746096;16750;3.20E-99;375;203;203;100;203;0;203;0;9823;Sus scrofa;even-toed ungulates & whales;pig;Eukaryota;Chordata;Mammalia;Artiodactyla;Suidae;Sus;Sus scrofa
2109;ASV_0027;203;gi|2037092917|gb|MK746095.1|;MK746095;16720;3.20E-99;375;203;203;100;203;0;203;0;9823;Sus scrofa;even-toed ungulates & whales;pig;Eukaryota;Chordata;Mammalia;Artiodactyla;Suidae;Sus;Sus scrofa
2110;ASV_0027;203;gi|2037092903|gb|MK746094.1|;MK746094;16710;3.20E-99;375;203;203;100;203;0;203;0;9823;Sus scrofa;even-toed ungulates & whales;pig;Eukaryota;Chordata;Mammalia;Artiodactyla;Suidae;Sus;Sus scrofa
2111;ASV_0027;203;gi|2037092889|gb|MK746093.1|;MK746093;16729;3.20E-99;375;203;203;100;203;0;203;0;9823;Sus scrofa;even-toed ungulates & whales;pig;Eukaryota;Chordata;Mammalia;Artiodactyla;Suidae;Sus;Sus scrofa
2112;ASV_0027;203;gi|2037092875|gb|MK746092.1|;MK746092;16739;3.20E-99;375;203;203;100;203;0;203;0;9823;Sus scrofa;even-toed ungulates & whales;pig;Eukaryota;Chordata;Mammalia;Artiodactyla;Suidae;Sus;Sus scrofa
2113;ASV_0027;203;gi|2037092861|gb|MK746091.1|;MK746091;16730;3.20E-99;375;203;203;100;203;0;203;0;9823;Sus scrofa;even-toed ungulates & whales;pig;Eukaryota;Chordata;Mammalia;Artiodactyla;Suidae;Sus;Sus scrofa
2114;ASV_0027;203;gi|2037092847|gb|MK746090.1|;MK746090;16740;3.20E-99;375;203;203;100;203;0;203;0;9823;Sus scrofa;even-toed ungulates & whales;pig;Eukaryota;Chordata;Mammalia;Artiodactyla;Suidae;Sus;Sus scrofa
2115;ASV_0027;203;gi|2037092833|gb|MK746089.1|;MK746089;16750;3.20E-99;375;203;203;100;203;0;203;0;9823;Sus scrofa;even-toed ungulates & whales;pig;Eukaryota;Chordata;Mammalia;Artiodactyla;Suidae;Sus;Sus scrofa
2116;ASV_0027;203;gi|2037092819|gb|MK746088.1|;MK746088;16730;3.20E-99;375;203;203;100;203;0;203;0;9823;Sus scrofa;even-toed ungulates & whales;pig;Eukaryota;Chordata;Mammalia;Artiodactyla;Suidae;Sus;Sus scrofa
2117;ASV_0027;203;gi|347448723|gb|JN601074.1|;JN601074;16770;3.20E-99;375;203;203;100;203;0;203;0;9823;Sus scrofa;even-toed ungulates & whales;pig;Eukaryota;Chordata;Mammalia;Artiodactyla;Suidae;Sus;Sus scrofa
2118;ASV_0027;203;gi|459353560|gb|KC469586.1|;KC469586;16610;3.20E-99;375;203;203;100;203;0;203;0;9825;Sus scrofa domesticus;even-toed ungulates & whales;domestic pig;Eukaryota;Chordata;Mammalia;Artiodactyla;Suidae;Sus;Sus scrofa
2119;ASV_0027;203;gi|443610992|gb|KC250273.1|;KC250273;16709;3.20E-99;375;203;203;100;203;0;203;0;9823;Sus scrofa;even-toed ungulates & whales;pig;Eukaryota;Chordata;Mammalia;Artiodactyla;Suidae;Sus;Sus scrofa
2120;ASV_0027;203;gi|1929547443|gb|MT653633.1|;MT653633;16719;3.20E-99;375;203;203;100;203;0;203;0;9823;Sus scrofa;even-toed ungulates & whales;pig;Eukaryota;Chordata;Mammalia;Artiodactyla;Suidae;Sus;Sus scrofa
2121;ASV_0027;203;gi|1913240885|dbj|LC500157.1|;LC500157;465;3.20E-99;375;203;203;100;203;0;203;0;9823;Sus scrofa;even-toed ungulates & whales;pig;Eukaryota;Chordata;Mammalia;Artiodactyla;Suidae;Sus;Sus scrofa
2122;ASV_0027;203;gi|1913240883|dbj|LC500155.1|;LC500155;465;3.20E-99;375;203;203;100;203;0;203;0;9823;Sus scrofa;even-toed ungulates & whales;pig;Eukaryota;Chordata;Mammalia;Artiodactyla;Suidae;Sus;Sus scrofa
2123;ASV_0027;203;gi|1899178512|gb|MN624263.1|;MN624263;16771;3.20E-99;375;203;203;100;203;0;203;0;9823;Sus scrofa;even-toed ungulates & whales;pig;Eukaryota;Chordata;Mammalia;Artiodactyla;Suidae;Sus;Sus scrofa
2124;ASV_0027;203;gi|1898549861|gb|MT199605.1|;MT199605;16609;3.20E-99;375;203;203;100;203;0;203;0;9823;Sus scrofa;even-toed ungulates & whales;pig;Eukaryota;Chordata;Mammalia;Artiodactyla;Suidae;Sus;Sus scrofa
2125;ASV_0027;203;gi|347826098|gb|JN714132.1|;JN714132;553;3.20E-99;375;203;203;100;203;0;203;0;9825;Sus scrofa domesticus;even-toed ungulates & whales;"domestic pig""";Eukaryota;Chordata;Mammalia;Artiodactyla;Suidae;Sus;Sus scrofa
2126;ASV_0027;203;gi|296939780|gb|GQ338944.1|;GQ338944;1473;3.20E-99;375;203;203;100;203;0;203;0;673351;Sus barbatus barbatus;even-toed ungulates & whales;Sus barbatus barbatus;Eukaryota;Chordata;Mammalia;Artiodactyla;Suidae;Sus;Sus barbatus
2127;ASV_0027;203;gi|312233363|ref|NC_014692.1|;NC_014692;16480;3.20E-99;375;203;203;100;203;0;203;0;310261;Sus scrofa taivanus;even-toed ungulates & whales;Sus scrofa taivanus;Eukaryota;Chordata;Mammalia;Artiodactyla;Suidae;Sus;Sus scrofa
2128;ASV_0027;203;gi|306485876|gb|DQ518915.2|;DQ518915;16747;3.20E-99;375;203;203;100;203;0;203;0;9823;Sus scrofa;even-toed ungulates & whales;pig;Eukaryota;Chordata;Mammalia;Artiodactyla;Suidae;Sus;Sus scrofa
2129;ASV_0027;203;gi|301348887|gb|HM246159.1|;HM246159;596;3.20E-99;375;203;203;100;203;0;203;0;864849;Scolothrips takahashii;thrips;Scolothrips takahashii;Eukaryota;Arthropoda;Insecta;Thysanoptera;Thripidae;Scolothrips;Scolothrips takahashii
2130;ASV_0027;203;gi|251829649|gb|GQ351599.1|;GQ351599;16625;3.20E-99;375;203;203;100;203;0;203;0;9823;Sus scrofa;even-toed ungulates & whales;pig;Eukaryota;Chordata;Mammalia;Artiodactyla;Suidae;Sus;Sus scrofa
2131;ASV_0027;203;gi|238625882|gb|GQ220329.1|;GQ220329;16610;3.20E-99;375;203;203;100;203;0;203;0;9823;Sus scrofa;even-toed ungulates & whales;pig;Eukaryota;Chordata;Mammalia;Artiodactyla;Suidae;Sus;Sus scrofa
2132;ASV_0027;203;gi|225580658|gb|DQ466081.2|;DQ466081;16678;3.20E-99;375;203;203;100;203;0;203;0;9823;Sus scrofa;even-toed ungulates & whales;pig;Eukaryota;Chordata;Mammalia;Artiodactyla;Suidae;Sus;Sus scrofa
2133;ASV_0027;203;gi|157056535|gb|EU090703.1|;EU090703;16693;3.20E-99;375;203;203;100;203;0;203;0;9823;Sus scrofa;even-toed ungulates & whales;pig;Eukaryota;Chordata;Mammalia;Artiodactyla;Suidae;Sus;Sus scrofa
2134;ASV_0027;203;gi|157056521|gb|EU090702.1|;EU090702;16760;3.20E-99;375;203;203;100;203;0;203;0;9823;Sus scrofa;even-toed ungulates & whales;pig;Eukaryota;Chordata;Mammalia;Artiodactyla;Suidae;Sus;Sus scrofa
2135;ASV_0027;203;gi|145315790|gb|EF545593.1|;EF545593;16689;3.20E-99;375;203;203;100;203;0;203;0;9823;Sus scrofa;even-toed ungulates & whales;pig;Eukaryota;Chordata;Mammalia;Artiodactyla;Suidae;Sus;Sus scrofa
2136;ASV_0027;203;gi|145315764|gb|EF545591.1|;EF545591;16690;3.20E-99;375;203;203;100;203;0;203;0;9823;Sus scrofa;even-toed ungulates & whales;pig;Eukaryota;Chordata;Mammalia;Artiodactyla;Suidae;Sus;Sus scrofa
2137;ASV_0027;203;gi|145315750|gb|EF545590.1|;EF545590;16689;3.20E-99;375;203;203;100;203;0;203;0;9823;Sus scrofa;even-toed ungulates & whales;pig;Eukaryota;Chordata;Mammalia;Artiodactyla;Suidae;Sus;Sus scrofa
2138;ASV_0027;203;gi|145315736|gb|EF545589.1|;EF545589;16690;3.20E-99;375;203;203;100;203;0;203;0;9823;Sus scrofa;even-toed ungulates & whales;pig;Eukaryota;Chordata;Mammalia;Artiodactyla;Suidae;Sus;Sus scrofa
2139;ASV_0027;203;gi|145315722|gb|EF545588.1|;EF545588;16740;3.20E-99;375;203;203;100;203;0;203;0;9823;Sus scrofa;even-toed ungulates & whales;pig;Eukaryota;Chordata;Mammalia;Artiodactyla;Suidae;Sus;Sus scrofa
2140;ASV_0027;203;gi|145315708|gb|EF545587.1|;EF545587;16719;3.20E-99;375;203;203;100;203;0;203;0;9823;Sus scrofa;even-toed ungulates & whales;pig;Eukaryota;Chordata;Mammalia;Artiodactyla;Suidae;Sus;Sus scrofa
2141;ASV_0027;203;gi|145315694|gb|EF545586.1|;EF545586;16690;3.20E-99;375;203;203;100;203;0;203;0;9823;Sus scrofa;even-toed ungulates & whales;pig;Eukaryota;Chordata;Mammalia;Artiodactyla;Suidae;Sus;Sus scrofa
2142;ASV_0027;203;gi|145315680|gb|EF545585.1|;EF545585;16690;3.20E-99;375;203;203;100;203;0;203;0;9823;Sus scrofa;even-toed ungulates & whales;pig;Eukaryota;Chordata;Mammalia;Artiodactyla;Suidae;Sus;Sus scrofa
2143;ASV_0027;203;gi|145315666|gb|EF545584.1|;EF545584;16709;3.20E-99;375;203;203;100;203;0;203;0;9823;Sus scrofa;even-toed ungulates & whales;pig;Eukaryota;Chordata;Mammalia;Artiodactyla;Suidae;Sus;Sus scrofa
2144;ASV_0027;203;gi|145315652|gb|EF545583.1|;EF545583;16690;3.20E-99;375;203;203;100;203;0;203;0;9823;Sus scrofa;even-toed ungulates & whales;pig;Eukaryota;Chordata;Mammalia;Artiodactyla;Suidae;Sus;Sus scrofa
2145;ASV_0027;203;gi|145315638|gb|EF545582.1|;EF545582;16690;3.20E-99;375;203;203;100;203;0;203;0;9823;Sus scrofa;even-toed ungulates & whales;pig;Eukaryota;Chordata;Mammalia;Artiodactyla;Suidae;Sus;Sus scrofa
2146;ASV_0027;203;gi|145315624|gb|EF545581.1|;EF545581;16690;3.20E-99;375;203;203;100;203;0;203;0;9823;Sus scrofa;even-toed ungulates & whales;pig;Eukaryota;Chordata;Mammalia;Artiodactyla;Suidae;Sus;Sus scrofa
2147;ASV_0027;203;gi|145315610|gb|EF545580.1|;EF545580;16690;3.20E-99;375;203;203;100;203;0;203;0;9823;Sus scrofa;even-toed ungulates & whales;pig;Eukaryota;Chordata;Mammalia;Artiodactyla;Suidae;Sus;Sus scrofa
2148;ASV_0027;203;gi|145315596|gb|EF545579.1|;EF545579;16690;3.20E-99;375;203;203;100;203;0;203;0;9823;Sus scrofa;even-toed ungulates & whales;pig;Eukaryota;Chordata;Mammalia;Artiodactyla;Suidae;Sus;Sus scrofa
2149;ASV_0027;203;gi|145315582|gb|EF545578.1|;EF545578;16689;3.20E-99;375;203;203;100;203;0;203;0;9823;Sus scrofa;even-toed ungulates & whales;pig;Eukaryota;Chordata;Mammalia;Artiodactyla;Suidae;Sus;Sus scrofa
2150;ASV_0027;203;gi|145315568|gb|EF545577.1|;EF545577;16690;3.20E-99;375;203;203;100;203;0;203;0;9823;Sus scrofa;even-toed ungulates & whales;pig;Eukaryota;Chordata;Mammalia;Artiodactyla;Suidae;Sus;Sus scrofa
2151;ASV_0027;203;gi|145315526|gb|EF545574.1|;EF545574;16690;3.20E-99;375;203;203;100;203;0;203;0;9823;Sus scrofa;even-toed ungulates & whales;pig;Eukaryota;Chordata;Mammalia;Artiodactyla;Suidae;Sus;Sus scrofa
2152;ASV_0027;203;gi|145315512|gb|EF545573.1|;EF545573;16690;3.20E-99;375;203;203;100;203;0;203;0;9823;Sus scrofa;even-toed ungulates & whales;pig;Eukaryota;Chordata;Mammalia;Artiodactyla;Suidae;Sus;Sus scrofa
2153;ASV_0027;203;gi|145315498|gb|EF545572.1|;EF545572;16690;3.20E-99;375;203;203;100;203;0;203;0;9823;Sus scrofa;even-toed ungulates & whales;pig;Eukaryota;Chordata;Mammalia;Artiodactyla;Suidae;Sus;Sus scrofa
2154;ASV_0027;203;gi|145315484|gb|EF545571.1|;EF545571;16690;3.20E-99;375;203;203;100;203;0;203;0;9823;Sus scrofa;even-toed ungulates & whales;pig;Eukaryota;Chordata;Mammalia;Artiodactyla;Suidae;Sus;Sus scrofa
2155;ASV_0027;203;gi|145315470|gb|EF545570.1|;EF545570;16689;3.20E-99;375;203;203;100;203;0;203;0;9823;Sus scrofa;even-toed ungulates & whales;pig;Eukaryota;Chordata;Mammalia;Artiodactyla;Suidae;Sus;Sus scrofa
2156;ASV_0027;203;gi|145315456|gb|EF545569.1|;EF545569;16740;3.20E-99;375;203;203;100;203;0;203;0;9823;Sus scrofa;even-toed ungulates & whales;pig;Eukaryota;Chordata;Mammalia;Artiodactyla;Suidae;Sus;Sus scrofa
2157;ASV_0027;203;gi|145315442|gb|EF545568.1|;EF545568;16690;3.20E-99;375;203;203;100;203;0;203;0;9823;Sus scrofa;even-toed ungulates & whales;pig;Eukaryota;Chordata;Mammalia;Artiodactyla;Suidae;Sus;Sus scrofa
2158;ASV_0027;203;gi|159162010|gb|EF375877.3|;EF375877;16499;3.20E-99;375;203;203;100;203;0;203;0;9823;Sus scrofa;even-toed ungulates & whales;pig;Eukaryota;Chordata;Mammalia;Artiodactyla;Suidae;Sus;Sus scrofa
2159;ASV_0027;203;gi|157144245|dbj|AB298688.1|;AB298688;15977;3.20E-99;375;203;203;100;203;0;203;0;9823;Sus scrofa;even-toed ungulates & whales;pig;Eukaryota;Chordata;Mammalia;Artiodactyla;Suidae;Sus;Sus scrofa
2160;ASV_0027;203;gi|125213062|dbj|AB292606.1|;AB292606;14098;3.20E-99;375;203;203;100;203;0;203;0;9823;Sus scrofa;even-toed ungulates & whales;pig;Eukaryota;Chordata;Mammalia;Artiodactyla;Suidae;Sus;Sus scrofa
2161;ASV_0027;203;gi|76262549|gb|DQ207753.1|;DQ207753;16511;3.20E-99;375;203;203;100;203;0;203;0;9823;Sus scrofa;even-toed ungulates & whales;pig;Eukaryota;Chordata;Mammalia;Artiodactyla;Suidae;Sus;Sus scrofa
2162;ASV_0027;203;gi|76262535|gb|DQ207754.1|;DQ207754;16539;3.20E-99;375;203;203;100;203;0;203;0;9823;Sus scrofa;even-toed ungulates & whales;pig;Eukaryota;Chordata;Mammalia;Artiodactyla;Suidae;Sus;Sus scrofa
2163;ASV_0027;203;gi|76262521|gb|DQ207755.1|;DQ207755;16629;3.20E-99;375;203;203;100;203;0;203;0;9823;Sus scrofa;even-toed ungulates & whales;pig;Eukaryota;Chordata;Mammalia;Artiodactyla;Suidae;Sus;Sus scrofa
2164;ASV_0027;203;gi|83779145|gb|DQ334861.1|;DQ334861;16690;3.20E-99;375;203;203;100;203;0;203;0;9823;Sus scrofa;even-toed ungulates & whales;pig;Eukaryota;Chordata;Mammalia;Artiodactyla;Suidae;Sus;Sus scrofa
2165;ASV_0027;203;gi|83779131|gb|DQ334860.1|;DQ334860;16691;3.20E-99;375;203;203;100;203;0;203;0;9823;Sus scrofa;even-toed ungulates & whales;pig;Eukaryota;Chordata;Mammalia;Artiodactyla;Suidae;Sus;Sus scrofa
2166;ASV_0027;203;gi|33320949|gb|AF486874.1|;AF486874;15976;3.20E-99;375;203;203;100;203;0;203;0;9823;Sus scrofa;even-toed ungulates & whales;pig;Eukaryota;Chordata;Mammalia;Artiodactyla;Suidae;Sus;Sus scrofa
2167;ASV_0027;203;gi|33320935|gb|AF486873.1|;AF486873;15978;3.20E-99;375;203;203;100;203;0;203;0;9823;Sus scrofa;even-toed ungulates & whales;pig;Eukaryota;Chordata;Mammalia;Artiodactyla;Suidae;Sus;Sus scrofa
2168;ASV_0027;203;gi|33320921|gb|AF486872.1|;AF486872;15977;3.20E-99;375;203;203;100;203;0;203;0;9823;Sus scrofa;even-toed ungulates & whales;pig;Eukaryota;Chordata;Mammalia;Artiodactyla;Suidae;Sus;Sus scrofa
2169;ASV_0027;203;gi|33320907|gb|AF486871.1|;AF486871;15977;3.20E-99;375;203;203;100;203;0;203;0;9823;Sus scrofa;even-toed ungulates & whales;pig;Eukaryota;Chordata;Mammalia;Artiodactyla;Suidae;Sus;Sus scrofa
2170;ASV_0027;203;gi|33320893|gb|AF486870.1|;AF486870;15977;3.20E-99;375;203;203;100;203;0;203;0;9823;Sus scrofa;even-toed ungulates & whales;pig;Eukaryota;Chordata;Mammalia;Artiodactyla;Suidae;Sus;Sus scrofa
2171;ASV_0027;203;gi|33320865|gb|AF486868.1|;AF486868;15977;3.20E-99;375;203;203;100;203;0;203;0;9823;Sus scrofa;even-toed ungulates & whales;pig;Eukaryota;Chordata;Mammalia;Artiodactyla;Suidae;Sus;Sus scrofa
2172;ASV_0027;203;gi|33320851|gb|AF486867.1|;AF486867;15977;3.20E-99;375;203;203;100;203;0;203;0;9823;Sus scrofa;even-toed ungulates & whales;pig;Eukaryota;Chordata;Mammalia;Artiodactyla;Suidae;Sus;Sus scrofa
2173;ASV_0027;203;gi|33320823|gb|AF486865.1|;AF486865;15978;3.20E-99;375;203;203;100;203;0;203;0;9823;Sus scrofa;even-toed ungulates & whales;pig;Eukaryota;Chordata;Mammalia;Artiodactyla;Suidae;Sus;Sus scrofa
2174;ASV_0027;203;gi|33320809|gb|AF486864.1|;AF486864;15977;3.20E-99;375;203;203;100;203;0;203;0;9823;Sus scrofa;even-toed ungulates & whales;pig;Eukaryota;Chordata;Mammalia;Artiodactyla;Suidae;Sus;Sus scrofa
2175;ASV_0027;203;gi|33320795|gb|AF486863.1|;AF486863;15976;3.20E-99;375;203;203;100;203;0;203;0;9823;Sus scrofa;even-toed ungulates & whales;pig;Eukaryota;Chordata;Mammalia;Artiodactyla;Suidae;Sus;Sus scrofa
2176;ASV_0027;203;gi|33320781|gb|AF486862.1|;AF486862;15977;3.20E-99;375;203;203;100;203;0;203;0;9823;Sus scrofa;even-toed ungulates & whales;pig;Eukaryota;Chordata;Mammalia;Artiodactyla;Suidae;Sus;Sus scrofa
2177;ASV_0027;203;gi|33320767|gb|AF486861.1|;AF486861;15978;3.20E-99;375;203;203;100;203;0;203;0;9823;Sus scrofa;even-toed ungulates & whales;pig;Eukaryota;Chordata;Mammalia;Artiodactyla;Suidae;Sus;Sus scrofa
2178;ASV_0027;203;gi|33320753|gb|AF486860.1|;AF486860;15977;3.20E-99;375;203;203;100;203;0;203;0;9823;Sus scrofa;even-toed ungulates & whales;pig;Eukaryota;Chordata;Mammalia;Artiodactyla;Suidae;Sus;Sus scrofa
2179;ASV_0027;203;gi|33320739|gb|AF486859.1|;AF486859;15978;3.20E-99;375;203;203;100;203;0;203;0;9823;Sus scrofa;even-toed ungulates & whales;pig;Eukaryota;Chordata;Mammalia;Artiodactyla;Suidae;Sus;Sus scrofa
2180;ASV_0027;203;gi|33320711|gb|AF486857.1|;AF486857;15978;3.20E-99;375;203;203;100;203;0;203;0;9823;Sus scrofa;even-toed ungulates & whales;pig;Eukaryota;Chordata;Mammalia;Artiodactyla;Suidae;Sus;Sus scrofa
2181;ASV_0027;203;gi|33320697|gb|AF486856.1|;AF486856;15977;3.20E-99;375;203;203;100;203;0;203;0;9823;Sus scrofa;even-toed ungulates & whales;pig;Eukaryota;Chordata;Mammalia;Artiodactyla;Suidae;Sus;Sus scrofa
2182;ASV_0027;203;gi|33320683|gb|AF486855.1|;AF486855;15979;3.20E-99;375;203;203;100;203;0;203;0;9823;Sus scrofa;even-toed ungulates & whales;pig;Eukaryota;Chordata;Mammalia;Artiodactyla;Suidae;Sus;Sus scrofa
2183;ASV_0027;203;gi|37935781|gb|AY243486.1|;AY243486;1569;3.20E-99;375;203;203;100;203;0;203;0;9823;Sus scrofa;even-toed ungulates & whales;pig;Eukaryota;Chordata;Mammalia;Artiodactyla;Suidae;Sus;Sus scrofa
2184;ASV_0027;203;gi|11055629|gb|AF304200.1|AF304200;AF304200;15978;3.20E-99;375;203;203;100;203;0;203;0;9823;Sus scrofa;even-toed ungulates & whales;pig;Eukaryota;Chordata;Mammalia;Artiodactyla;Suidae;Sus;Sus scrofa
2185;ASV_0027;203;gi|84181679|gb|AY334492.2|;AY334492;16751;3.20E-99;375;203;203;100;203;0;203;0;9823;Sus scrofa;even-toed ungulates & whales;pig;Eukaryota;Chordata;Mammalia;Artiodactyla;Suidae;Sus;Sus scrofa
2186;ASV_0027;203;gi|60391998|gb|AY920914.1|;AY920914;1573;3.20E-99;375;203;203;100;203;0;203;0;9823;Sus scrofa;even-toed ungulates & whales;pig;Eukaryota;Chordata;Mammalia;Artiodactyla;Suidae;Sus;Sus scrofa
2187;ASV_0027;203;gi|60391997|gb|AY920913.1|;AY920913;1573;3.20E-99;375;203;203;100;203;0;203;0;9823;Sus scrofa;even-toed ungulates & whales;pig;Eukaryota;Chordata;Mammalia;Artiodactyla;Suidae;Sus;Sus scrofa
2188;ASV_0027;203;gi|45826169|gb|AY574045.1|;AY574045;16552;3.20E-99;375;203;203;100;203;0;203;0;9823;Sus scrofa;even-toed ungulates & whales;pig;Eukaryota;Chordata;Mammalia;Artiodactyla;Suidae;Sus;Sus scrofa
2189;ASV_0027;203;gi|2554138539|gb|OR360137.1|;OR360137;499;4.14E-98;372;201;203;99.507;202;1;202;0;9823;Sus scrofa;even-toed ungulates & whales;pig;Eukaryota;Chordata;Mammalia;Artiodactyla;Suidae;Sus;Sus scrofa
2190;ASV_0027;203;gi|2531779260|gb|OR234746.1|;OR234746;309;4.14E-98;372;201;203;99.507;202;1;202;0;9823;Sus scrofa;even-toed ungulates & whales;pig;Eukaryota;Chordata;Mammalia;Artiodactyla;Suidae;Sus;Sus scrofa
2191;ASV_0027;203;gi|2165718060|gb|OL547481.1|;OL547481;16724;4.14E-98;372;201;203;99.507;202;1;202;0;9823;Sus scrofa;even-toed ungulates & whales;pig;Eukaryota;Chordata;Mammalia;Artiodactyla;Suidae;Sus;Sus scrofa
2192;ASV_0027;203;gi|2165717835|gb|OL547465.1|;OL547465;16702;4.14E-98;372;201;203;99.507;202;1;202;0;9823;Sus scrofa;even-toed ungulates & whales;pig;Eukaryota;Chordata;Mammalia;Artiodactyla;Suidae;Sus;Sus scrofa
2193;ASV_0027;203;gi|2165717807|gb|OL547463.1|;OL547463;16698;4.14E-98;372;201;203;99.507;202;1;202;0;9823;Sus scrofa;even-toed ungulates & whales;pig;Eukaryota;Chordata;Mammalia;Artiodactyla;Suidae;Sus;Sus scrofa
2194;ASV_0027;203;gi|2165717751|gb|OL547459.1|;OL547459;16690;4.14E-98;372;201;203;99.507;202;1;202;0;9823;Sus scrofa;even-toed ungulates & whales;pig;Eukaryota;Chordata;Mammalia;Artiodactyla;Suidae;Sus;Sus scrofa
2195;ASV_0027;203;gi|2165717737|gb|OL547458.1|;OL547458;16682;4.14E-98;372;201;203;99.507;202;1;202;0;9823;Sus scrofa;even-toed ungulates & whales;pig;Eukaryota;Chordata;Mammalia;Artiodactyla;Suidae;Sus;Sus scrofa
2196;ASV_0027;203;gi|1777435045|gb|MK248682.1|;MK248682;16613;1.49E-97;370;200;203;99.507;202;1;202;0;9823;Sus scrofa;even-toed ungulates & whales;pig;Eukaryota;Chordata;Mammalia;Artiodactyla;Suidae;Sus;Sus scrofa
2197;ASV_0027;203;gi|1777434411|gb|MK251046.1|;MK251046;16730;1.49E-97;370;200;203;99.507;202;1;202;0;9823;Sus scrofa;even-toed ungulates & whales;pig;Eukaryota;Chordata;Mammalia;Artiodactyla;Suidae;Sus;Sus scrofa
2198;ASV_0027;203;gi|3005406057|dbj|LC880088.1|;LC880088;16775;1.49E-97;370;200;203;99.507;202;1;202;0;9823;Sus scrofa;even-toed ungulates & whales;pig;Eukaryota;Chordata;Mammalia;Artiodactyla;Suidae;Sus;Sus scrofa
2199;ASV_0027;203;gi|2987592049|gb|PV693689.1|;PV693689;16581;1.49E-97;370;200;203;99.507;202;1;202;0;9823;Sus scrofa;even-toed ungulates & whales;pig;Eukaryota;Chordata;Mammalia;Artiodactyla;Suidae;Sus;Sus scrofa
2200;ASV_0027;203;gi|1564398530|gb|MH423744.1|;MH423744;524;1.49E-97;370;200;203;99.507;202;1;202;0;9823;Sus scrofa;even-toed ungulates & whales;pig;Eukaryota;Chordata;Mammalia;Artiodactyla;Suidae;Sus;Sus scrofa
2201;ASV_0027;203;gi|1356588144|gb|MG725631.1|;MG725631;16251;1.49E-97;370;200;203;99.507;202;1;202;0;309913;Sus scrofa cristatus;even-toed ungulates & whales;Sus scrofa cristatus;Eukaryota;Chordata;Mammalia;Artiodactyla;Suidae;Sus;Sus scrofa
2202;ASV_0027;203;gi|1464315092|ref|NC_039090.1|;NC_039090;16738;1.49E-97;370;200;203;99.507;202;1;202;0;309913;Sus scrofa cristatus;even-toed ungulates & whales;Sus scrofa cristatus;Eukaryota;Chordata;Mammalia;Artiodactyla;Suidae;Sus;Sus scrofa
2203;ASV_0027;203;gi|1215003257|gb|KY964306.1|;KY964306;16753;1.49E-97;370;200;203;99.507;202;1;202;0;9823;Sus scrofa;even-toed ungulates & whales;pig;Eukaryota;Chordata;Mammalia;Artiodactyla;Suidae;Sus;Sus scrofa
2204;ASV_0027;203;gi|1215003146|gb|KY800118.1|;KY800118;16722;1.49E-97;370;200;203;99.507;202;1;202;0;9823;Sus scrofa;even-toed ungulates & whales;pig;Eukaryota;Chordata;Mammalia;Artiodactyla;Suidae;Sus;Sus scrofa
2205;ASV_0027;203;gi|1314672289|gb|MG250567.1|;MG250567;16701;1.49E-97;370;200;203;99.507;202;1;202;0;9823;Sus scrofa;even-toed ungulates & whales;pig;Eukaryota;Chordata;Mammalia;Artiodactyla;Suidae;Sus;Sus scrofa
2206;ASV_0027;203;gi|1314672275|gb|MG250566.1|;MG250566;16691;1.49E-97;370;200;204;99.51;203;0;203;1;9823;Sus scrofa;even-toed ungulates & whales;pig;Eukaryota;Chordata;Mammalia;Artiodactyla;Suidae;Sus;Sus scrofa
2207;ASV_0027;203;gi|1314672247|gb|MG250564.1|;MG250564;16702;1.49E-97;370;200;203;99.507;202;1;202;0;9823;Sus scrofa;even-toed ungulates & whales;pig;Eukaryota;Chordata;Mammalia;Artiodactyla;Suidae;Sus;Sus scrofa
2208;ASV_0027;203;gi|1314672219|gb|MG250562.1|;MG250562;16701;1.49E-97;370;200;203;99.507;202;1;202;0;9823;Sus scrofa;even-toed ungulates & whales;pig;Eukaryota;Chordata;Mammalia;Artiodactyla;Suidae;Sus;Sus scrofa
2209;ASV_0027;203;gi|1314672135|gb|MG250556.1|;MG250556;16701;1.49E-97;370;200;203;99.507;202;1;202;0;9823;Sus scrofa;even-toed ungulates & whales;pig;Eukaryota;Chordata;Mammalia;Artiodactyla;Suidae;Sus;Sus scrofa
2210;ASV_0027;203;gi|1314671953|gb|MG250543.1|;MG250543;16701;1.49E-97;370;200;203;99.507;202;1;202;0;9823;Sus scrofa;even-toed ungulates & whales;pig;Eukaryota;Chordata;Mammalia;Artiodactyla;Suidae;Sus;Sus scrofa
2211;ASV_0027;203;gi|1314671939|gb|MG250542.1|;MG250542;16690;1.49E-97;370;200;203;99.507;202;1;202;0;9823;Sus scrofa;even-toed ungulates & whales;pig;Eukaryota;Chordata;Mammalia;Artiodactyla;Suidae;Sus;Sus scrofa
2212;ASV_0027;203;gi|1314671827|gb|MG250534.1|;MG250534;16691;1.49E-97;370;200;204;99.51;203;0;203;1;9823;Sus scrofa;even-toed ungulates & whales;pig;Eukaryota;Chordata;Mammalia;Artiodactyla;Suidae;Sus;Sus scrofa
2213;ASV_0027;203;gi|1314671813|gb|MG250533.1|;MG250533;16691;1.49E-97;370;200;204;99.51;203;0;203;1;9823;Sus scrofa;even-toed ungulates & whales;pig;Eukaryota;Chordata;Mammalia;Artiodactyla;Suidae;Sus;Sus scrofa
2214;ASV_0027;203;gi|1314671799|gb|MG250532.1|;MG250532;16701;1.49E-97;370;200;203;99.507;202;1;202;0;9823;Sus scrofa;even-toed ungulates & whales;pig;Eukaryota;Chordata;Mammalia;Artiodactyla;Suidae;Sus;Sus scrofa
2215;ASV_0027;203;gi|1314671785|gb|MG250531.1|;MG250531;16691;1.49E-97;370;200;204;99.51;203;0;203;1;9823;Sus scrofa;even-toed ungulates & whales;pig;Eukaryota;Chordata;Mammalia;Artiodactyla;Suidae;Sus;Sus scrofa
2216;ASV_0027;203;gi|1314671757|gb|MG250529.1|;MG250529;16701;1.49E-97;370;200;203;99.507;202;1;202;0;9823;Sus scrofa;even-toed ungulates & whales;pig;Eukaryota;Chordata;Mammalia;Artiodactyla;Suidae;Sus;Sus scrofa
2217;ASV_0027;203;gi|1314671673|gb|MG250523.1|;MG250523;16691;1.49E-97;370;200;204;99.51;203;0;203;1;9823;Sus scrofa;even-toed ungulates & whales;pig;Eukaryota;Chordata;Mammalia;Artiodactyla;Suidae;Sus;Sus scrofa
2218;ASV_0027;203;gi|1314671603|gb|MG250518.1|;MG250518;16701;1.49E-97;370;200;203;99.507;202;1;202;0;9823;Sus scrofa;even-toed ungulates & whales;pig;Eukaryota;Chordata;Mammalia;Artiodactyla;Suidae;Sus;Sus scrofa
2219;ASV_0027;203;gi|1314671547|gb|MG250514.1|;MG250514;16701;1.49E-97;370;200;203;99.507;202;1;202;0;9823;Sus scrofa;even-toed ungulates & whales;pig;Eukaryota;Chordata;Mammalia;Artiodactyla;Suidae;Sus;Sus scrofa
2220;ASV_0027;203;gi|1245685970|gb|MF183225.1|;MF183225;16680;1.49E-97;370;200;203;99.507;202;1;202;0;9823;Sus scrofa;even-toed ungulates & whales;pig;Eukaryota;Chordata;Mammalia;Artiodactyla;Suidae;Sus;Sus scrofa
2221;ASV_0027;203;gi|1245685956|gb|MF183224.1|;MF183224;16680;1.49E-97;370;200;203;99.507;202;1;202;0;9823;Sus scrofa;even-toed ungulates & whales;pig;Eukaryota;Chordata;Mammalia;Artiodactyla;Suidae;Sus;Sus scrofa
2222;ASV_0027;203;gi|1245685942|gb|MF183223.1|;MF183223;16680;1.49E-97;370;200;203;99.507;202;1;202;0;9823;Sus scrofa;even-toed ungulates & whales;pig;Eukaryota;Chordata;Mammalia;Artiodactyla;Suidae;Sus;Sus scrofa
2223;ASV_0027;203;gi|1245685928|gb|MF183222.1|;MF183222;16680;1.49E-97;370;200;203;99.507;202;1;202;0;9823;Sus scrofa;even-toed ungulates & whales;pig;Eukaryota;Chordata;Mammalia;Artiodactyla;Suidae;Sus;Sus scrofa
2224;ASV_0027;203;gi|2727911248|gb|PP763980.1|;PP763980;16619;1.49E-97;370;200;203;99.507;202;1;202;0;9823;Sus scrofa;even-toed ungulates & whales;pig;Eukaryota;Chordata;Mammalia;Artiodactyla;Suidae;Sus;Sus scrofa
2225;ASV_0027;203;gi|2727911234|gb|PP763979.1|;PP763979;16619;1.49E-97;370;200;203;99.507;202;1;202;0;9823;Sus scrofa;even-toed ungulates & whales;pig;Eukaryota;Chordata;Mammalia;Artiodactyla;Suidae;Sus;Sus scrofa
2226;ASV_0027;203;gi|2727911206|gb|PP763977.1|;PP763977;16612;1.49E-97;370;200;203;99.507;202;1;202;0;9823;Sus scrofa;even-toed ungulates & whales;pig;Eukaryota;Chordata;Mammalia;Artiodactyla;Suidae;Sus;Sus scrofa
2227;ASV_0027;203;gi|2727911192|gb|PP763976.1|;PP763976;16612;1.49E-97;370;200;203;99.507;202;1;202;0;9823;Sus scrofa;even-toed ungulates & whales;pig;Eukaryota;Chordata;Mammalia;Artiodactyla;Suidae;Sus;Sus scrofa
2228;ASV_0027;203;gi|2727911094|gb|PP763969.1|;PP763969;16620;1.49E-97;370;200;203;99.507;202;1;202;0;9823;Sus scrofa;even-toed ungulates & whales;pig;Eukaryota;Chordata;Mammalia;Artiodactyla;Suidae;Sus;Sus scrofa
2229;ASV_0027;203;gi|2727911066|gb|PP763967.1|;PP763967;16620;1.49E-97;370;200;203;99.507;202;1;202;0;9823;Sus scrofa;even-toed ungulates & whales;pig;Eukaryota;Chordata;Mammalia;Artiodactyla;Suidae;Sus;Sus scrofa
2230;ASV_0027;203;gi|2727910926|gb|PP763957.1|;PP763957;16619;1.49E-97;370;200;203;99.507;202;1;202;0;9823;Sus scrofa;even-toed ungulates & whales;pig;Eukaryota;Chordata;Mammalia;Artiodactyla;Suidae;Sus;Sus scrofa
2231;ASV_0027;203;gi|2727910912|gb|PP763956.1|;PP763956;16620;1.49E-97;370;200;203;99.507;202;1;202;0;9823;Sus scrofa;even-toed ungulates & whales;pig;Eukaryota;Chordata;Mammalia;Artiodactyla;Suidae;Sus;Sus scrofa
2232;ASV_0027;203;gi|2727910898|gb|PP763955.1|;PP763955;16610;1.49E-97;370;200;203;99.507;202;1;202;0;9823;Sus scrofa;even-toed ungulates & whales;pig;Eukaryota;Chordata;Mammalia;Artiodactyla;Suidae;Sus;Sus scrofa
2233;ASV_0027;203;gi|2727910884|gb|PP763954.1|;PP763954;16610;1.49E-97;370;200;204;99.51;203;0;203;1;9823;Sus scrofa;even-toed ungulates & whales;pig;Eukaryota;Chordata;Mammalia;Artiodactyla;Suidae;Sus;Sus scrofa
2234;ASV_0027;203;gi|2727910870|gb|PP763953.1|;PP763953;16609;1.49E-97;370;200;203;99.507;202;1;202;0;9823;Sus scrofa;even-toed ungulates & whales;pig;Eukaryota;Chordata;Mammalia;Artiodactyla;Suidae;Sus;Sus scrofa
2235;ASV_0027;203;gi|2727910618|gb|PP763935.1|;PP763935;16620;1.49E-97;370;200;203;99.507;202;1;202;0;9823;Sus scrofa;even-toed ungulates & whales;pig;Eukaryota;Chordata;Mammalia;Artiodactyla;Suidae;Sus;Sus scrofa
2236;ASV_0027;203;gi|2727910590|gb|PP763933.1|;PP763933;16620;1.49E-97;370;200;203;99.507;202;1;202;0;9823;Sus scrofa;even-toed ungulates & whales;pig;Eukaryota;Chordata;Mammalia;Artiodactyla;Suidae;Sus;Sus scrofa
2237;ASV_0027;203;gi|2727910534|gb|PP763929.1|;PP763929;16612;1.49E-97;370;200;203;99.507;202;1;202;0;9823;Sus scrofa;even-toed ungulates & whales;pig;Eukaryota;Chordata;Mammalia;Artiodactyla;Suidae;Sus;Sus scrofa
2238;ASV_0027;203;gi|2727910520|gb|PP763928.1|;PP763928;16620;1.49E-97;370;200;203;99.507;202;1;202;0;9823;Sus scrofa;even-toed ungulates & whales;pig;Eukaryota;Chordata;Mammalia;Artiodactyla;Suidae;Sus;Sus scrofa
2239;ASV_0027;203;gi|2727910506|gb|PP763927.1|;PP763927;16619;1.49E-97;370;200;203;99.507;202;1;202;0;9823;Sus scrofa;even-toed ungulates & whales;pig;Eukaryota;Chordata;Mammalia;Artiodactyla;Suidae;Sus;Sus scrofa
2240;ASV_0027;203;gi|2727910492|gb|PP763926.1|;PP763926;16612;1.49E-97;370;200;203;99.507;202;1;202;0;9823;Sus scrofa;even-toed ungulates & whales;pig;Eukaryota;Chordata;Mammalia;Artiodactyla;Suidae;Sus;Sus scrofa
2241;ASV_0027;203;gi|2727910464|gb|PP763924.1|;PP763924;16619;1.49E-97;370;200;203;99.507;202;1;202;0;9823;Sus scrofa;even-toed ungulates & whales;pig;Eukaryota;Chordata;Mammalia;Artiodactyla;Suidae;Sus;Sus scrofa
2242;ASV_0027;203;gi|2727910450|gb|PP763923.1|;PP763923;16612;1.49E-97;370;200;203;99.507;202;1;202;0;9823;Sus scrofa;even-toed ungulates & whales;pig;Eukaryota;Chordata;Mammalia;Artiodactyla;Suidae;Sus;Sus scrofa
2243;ASV_0027;203;gi|2727910436|gb|PP763922.1|;PP763922;16612;1.49E-97;370;200;203;99.507;202;1;202;0;9823;Sus scrofa;even-toed ungulates & whales;pig;Eukaryota;Chordata;Mammalia;Artiodactyla;Suidae;Sus;Sus scrofa
2244;ASV_0027;203;gi|2727910422|gb|PP763921.1|;PP763921;16612;1.49E-97;370;200;203;99.507;202;1;202;0;9823;Sus scrofa;even-toed ungulates & whales;pig;Eukaryota;Chordata;Mammalia;Artiodactyla;Suidae;Sus;Sus scrofa
2245;ASV_0027;203;gi|2727910408|gb|PP763920.1|;PP763920;16612;1.49E-97;370;200;203;99.507;202;1;202;0;9823;Sus scrofa;even-toed ungulates & whales;pig;Eukaryota;Chordata;Mammalia;Artiodactyla;Suidae;Sus;Sus scrofa
2246;ASV_0027;203;gi|2727910394|gb|PP763919.1|;PP763919;16612;1.49E-97;370;200;203;99.507;202;1;202;0;9823;Sus scrofa;even-toed ungulates & whales;pig;Eukaryota;Chordata;Mammalia;Artiodactyla;Suidae;Sus;Sus scrofa
2247;ASV_0027;203;gi|2727910380|gb|PP763918.1|;PP763918;16612;1.49E-97;370;200;203;99.507;202;1;202;0;9823;Sus scrofa;even-toed ungulates & whales;pig;Eukaryota;Chordata;Mammalia;Artiodactyla;Suidae;Sus;Sus scrofa
2248;ASV_0027;203;gi|2715146594|gb|PP622732.1|;PP622732;436;1.49E-97;370;200;200;100;200;0;200;0;9823;Sus scrofa;even-toed ungulates & whales;pig;Eukaryota;Chordata;Mammalia;Artiodactyla;Suidae;Sus;Sus scrofa
2249;ASV_0027;203;gi|1184804260|gb|KX982658.1|;KX982658;16611;1.49E-97;370;200;203;99.507;202;1;202;0;9823;Sus scrofa;even-toed ungulates & whales;pig;Eukaryota;Chordata;Mammalia;Artiodactyla;Suidae;Sus;Sus scrofa
2250;ASV_0027;203;gi|1184804246|gb|KX982657.1|;KX982657;16662;1.49E-97;370;200;203;99.507;202;1;202;0;9823;Sus scrofa;even-toed ungulates & whales;pig;Eukaryota;Chordata;Mammalia;Artiodactyla;Suidae;Sus;Sus scrofa
2251;ASV_0027;203;gi|1184804218|gb|KX982655.1|;KX982655;16618;1.49E-97;370;200;203;99.507;202;1;202;0;9823;Sus scrofa;even-toed ungulates & whales;pig;Eukaryota;Chordata;Mammalia;Artiodactyla;Suidae;Sus;Sus scrofa
2252;ASV_0027;203;gi|1184804176|gb|KX982652.1|;KX982652;16672;1.49E-97;370;200;203;99.507;202;1;202;0;9823;Sus scrofa;even-toed ungulates & whales;pig;Eukaryota;Chordata;Mammalia;Artiodactyla;Suidae;Sus;Sus scrofa
2253;ASV_0027;203;gi|1184804162|gb|KX982651.1|;KX982651;16662;1.49E-97;370;200;203;99.507;202;1;202;0;9823;Sus scrofa;even-toed ungulates & whales;pig;Eukaryota;Chordata;Mammalia;Artiodactyla;Suidae;Sus;Sus scrofa
2254;ASV_0027;203;gi|1184804106|gb|KX982647.1|;KX982647;16673;1.49E-97;370;200;203;99.507;202;1;202;0;9823;Sus scrofa;even-toed ungulates & whales;pig;Eukaryota;Chordata;Mammalia;Artiodactyla;Suidae;Sus;Sus scrofa
2255;ASV_0027;203;gi|1184804092|gb|KX982646.1|;KX982646;16673;1.49E-97;370;200;203;99.507;202;1;202;0;9823;Sus scrofa;even-toed ungulates & whales;pig;Eukaryota;Chordata;Mammalia;Artiodactyla;Suidae;Sus;Sus scrofa
2256;ASV_0027;203;gi|1184804050|gb|KX982643.1|;KX982643;16673;1.49E-97;370;200;203;99.507;202;1;202;0;9823;Sus scrofa;even-toed ungulates & whales;pig;Eukaryota;Chordata;Mammalia;Artiodactyla;Suidae;Sus;Sus scrofa
2257;ASV_0027;203;gi|1184804036|gb|KX982642.1|;KX982642;16662;1.49E-97;370;200;203;99.507;202;1;202;0;9823;Sus scrofa;even-toed ungulates & whales;pig;Eukaryota;Chordata;Mammalia;Artiodactyla;Suidae;Sus;Sus scrofa
2258;ASV_0027;203;gi|1184804008|gb|KX982640.1|;KX982640;16662;1.49E-97;370;200;203;99.507;202;1;202;0;9823;Sus scrofa;even-toed ungulates & whales;pig;Eukaryota;Chordata;Mammalia;Artiodactyla;Suidae;Sus;Sus scrofa
2259;ASV_0027;203;gi|1086928119|gb|KX147100.1|;KX147100;16711;1.49E-97;370;200;203;99.507;202;1;202;0;9823;Sus scrofa;even-toed ungulates & whales;pig;Eukaryota;Chordata;Mammalia;Artiodactyla;Suidae;Sus;Sus scrofa
2260;ASV_0027;203;gi|983635803|gb|KT194217.1|;KT194217;16690;1.49E-97;370;200;204;99.51;203;0;203;1;9823;Sus scrofa;even-toed ungulates & whales;pig;Eukaryota;Chordata;Mammalia;Artiodactyla;Suidae;Sus;Sus scrofa
2261;ASV_0027;203;gi|1083262576|gb|KX094894.1|;KX094894;16731;1.49E-97;370;200;203;99.507;202;1;202;0;9823;Sus scrofa;even-toed ungulates & whales;pig;Eukaryota;Chordata;Mammalia;Artiodactyla;Suidae;Sus;Sus scrofa
2262;ASV_0027;203;gi|1049741382|gb|KU556691.1|;KU556691;16632;1.49E-97;370;200;203;99.507;202;1;202;0;9823;Sus scrofa;even-toed ungulates & whales;pig;Eukaryota;Chordata;Mammalia;Artiodactyla;Suidae;Sus;Sus scrofa
2263;ASV_0027;203;gi|2566847245|gb|OR397962.1|;OR397962;16621;1.49E-97;370;200;203;99.507;202;1;202;0;9823;Sus scrofa;even-toed ungulates & whales;pig;Eukaryota;Chordata;Mammalia;Artiodactyla;Suidae;Sus;Sus scrofa
2264;ASV_0027;203;gi|2566847231|gb|OR397961.1|;OR397961;16569;1.49E-97;370;200;203;99.507;202;1;202;0;9823;Sus scrofa;even-toed ungulates & whales;pig;Eukaryota;Chordata;Mammalia;Artiodactyla;Suidae;Sus;Sus scrofa
2265;ASV_0027;203;gi|2554138817|gb|OR360233.1|;OR360233;503;1.49E-97;370;200;203;99.507;202;1;202;0;9823;Sus scrofa;even-toed ungulates & whales;pig;Eukaryota;Chordata;Mammalia;Artiodactyla;Suidae;Sus;Sus scrofa
2266;ASV_0027;203;gi|2554138791|gb|OR360223.1|;OR360223;503;1.49E-97;370;200;203;99.507;202;1;202;0;9823;Sus scrofa;even-toed ungulates & whales;pig;Eukaryota;Chordata;Mammalia;Artiodactyla;Suidae;Sus;Sus scrofa
2267;ASV_0027;203;gi|2554138772|gb|OR360216.1|;OR360216;503;1.49E-97;370;200;203;99.507;202;1;202;0;9823;Sus scrofa;even-toed ungulates & whales;pig;Eukaryota;Chordata;Mammalia;Artiodactyla;Suidae;Sus;Sus scrofa
2268;ASV_0027;203;gi|2554138769|gb|OR360215.1|;OR360215;503;1.49E-97;370;200;203;99.507;202;1;202;0;9823;Sus scrofa;even-toed ungulates & whales;pig;Eukaryota;Chordata;Mammalia;Artiodactyla;Suidae;Sus;Sus scrofa
2269;ASV_0027;203;gi|2554138664|gb|OR360178.1|;OR360178;503;1.49E-97;370;200;203;99.507;202;1;202;0;9823;Sus scrofa;even-toed ungulates & whales;pig;Eukaryota;Chordata;Mammalia;Artiodactyla;Suidae;Sus;Sus scrofa
2270;ASV_0027;203;gi|2554138655|gb|OR360175.1|;OR360175;501;1.49E-97;370;200;203;99.507;202;1;202;0;9823;Sus scrofa;even-toed ungulates & whales;pig;Eukaryota;Chordata;Mammalia;Artiodactyla;Suidae;Sus;Sus scrofa
2271;ASV_0027;203;gi|2554138649|gb|OR360173.1|;OR360173;503;1.49E-97;370;200;203;99.507;202;1;202;0;9823;Sus scrofa;even-toed ungulates & whales;pig;Eukaryota;Chordata;Mammalia;Artiodactyla;Suidae;Sus;Sus scrofa
2272;ASV_0027;203;gi|2554138533|gb|OR360135.1|;OR360135;503;1.49E-97;370;200;203;99.507;202;1;202;0;9823;Sus scrofa;even-toed ungulates & whales;pig;Eukaryota;Chordata;Mammalia;Artiodactyla;Suidae;Sus;Sus scrofa
2273;ASV_0027;203;gi|2554138524|gb|OR360132.1|;OR360132;500;1.49E-97;370;200;203;99.507;202;1;202;0;9823;Sus scrofa;even-toed ungulates & whales;pig;Eukaryota;Chordata;Mammalia;Artiodactyla;Suidae;Sus;Sus scrofa
2274;ASV_0027;203;gi|2554138490|gb|OR360120.1|;OR360120;503;1.49E-97;370;200;203;99.507;202;1;202;0;9823;Sus scrofa;even-toed ungulates & whales;pig;Eukaryota;Chordata;Mammalia;Artiodactyla;Suidae;Sus;Sus scrofa
2275;ASV_0027;203;gi|2563111928|gb|OR268693.1|;OR268693;16551;1.49E-97;370;200;203;99.507;202;1;202;0;9823;Sus scrofa;even-toed ungulates & whales;pig;Eukaryota;Chordata;Mammalia;Artiodactyla;Suidae;Sus;Sus scrofa
2276;ASV_0027;203;gi|2561340873|gb|OR260477.1|;OR260477;16551;1.49E-97;370;200;203;99.507;202;1;202;0;9823;Sus scrofa;even-toed ungulates & whales;pig;Eukaryota;Chordata;Mammalia;Artiodactyla;Suidae;Sus;Sus scrofa
2277;ASV_0027;203;gi|982189145|gb|KT279760.1|;KT279760;16678;1.49E-97;370;200;203;99.507;202;1;202;0;9823;Sus scrofa;even-toed ungulates & whales;pig;Eukaryota;Chordata;Mammalia;Artiodactyla;Suidae;Sus;Sus scrofa
2278;ASV_0027;203;gi|982189131|gb|KT279759.1|;KT279759;16679;1.49E-97;370;200;204;99.51;203;0;203;1;9823;Sus scrofa;even-toed ungulates & whales;pig;Eukaryota;Chordata;Mammalia;Artiodactyla;Suidae;Sus;Sus scrofa
2279;ASV_0027;203;gi|982189117|gb|KT279758.1|;KT279758;16687;1.49E-97;370;200;203;99.507;202;1;202;0;9823;Sus scrofa;even-toed ungulates & whales;pig;Eukaryota;Chordata;Mammalia;Artiodactyla;Suidae;Sus;Sus scrofa
2280;ASV_0027;203;gi|974993700|gb|KT261430.1|;KT261430;16680;1.49E-97;370;200;203;99.507;202;1;202;0;9823;Sus scrofa;even-toed ungulates & whales;pig;Eukaryota;Chordata;Mammalia;Artiodactyla;Suidae;Sus;Sus scrofa
2281;ASV_0027;203;gi|974993686|gb|KT261429.1|;KT261429;16679;1.49E-97;370;200;203;99.507;202;1;202;0;9823;Sus scrofa;even-toed ungulates & whales;pig;Eukaryota;Chordata;Mammalia;Artiodactyla;Suidae;Sus;Sus scrofa
2282;ASV_0027;203;gi|1024249785|gb|KT965278.1|;KT965278;16827;1.49E-97;370;200;203;99.507;202;1;202;0;9825;Sus scrofa domesticus;even-toed ungulates & whales;domestic pig;Eukaryota;Chordata;Mammalia;Artiodactyla;Suidae;Sus;Sus scrofa
2283;ASV_0027;203;gi|1013824879|gb|KT372134.1|;KT372134;16678;1.49E-97;370;200;203;99.507;202;1;202;0;9823;Sus scrofa;even-toed ungulates & whales;pig;Eukaryota;Chordata;Mammalia;Artiodactyla;Suidae;Sus;Sus scrofa
2284;ASV_0027;203;gi|974737457|gb|KT827214.1|;KT827214;537;1.49E-97;370;200;203;99.507;202;1;202;0;9823;Sus scrofa;even-toed ungulates & whales;pig;Eukaryota;Chordata;Mammalia;Artiodactyla;Suidae;Sus;Sus scrofa
2285;ASV_0027;203;gi|974737445|gb|KT827202.1|;KT827202;563;1.49E-97;370;200;203;99.507;202;1;202;0;9823;Sus scrofa;even-toed ungulates & whales;pig;Eukaryota;Chordata;Mammalia;Artiodactyla;Suidae;Sus;Sus scrofa
2286;ASV_0027;203;gi|673922049|gb|KM101042.1|;KM101042;16731;1.49E-97;370;200;203;99.507;202;1;202;0;9823;Sus scrofa;even-toed ungulates & whales;pig;Eukaryota;Chordata;Mammalia;Artiodactyla;Suidae;Sus;Sus scrofa
2287;ASV_0027;203;gi|2445127567|gb|OQ443272.1|;OQ443272;459;1.49E-97;370;200;203;99.507;202;1;202;0;9823;Sus scrofa;even-toed ungulates & whales;pig;Eukaryota;Chordata;Mammalia;Artiodactyla;Suidae;Sus;Sus scrofa
2288;ASV_0027;203;gi|2445127566|gb|OQ443271.1|;OQ443271;459;1.49E-97;370;200;203;99.507;202;1;202;0;9823;Sus scrofa;even-toed ungulates & whales;pig;Eukaryota;Chordata;Mammalia;Artiodactyla;Suidae;Sus;Sus scrofa
2289;ASV_0027;203;gi|2445127565|gb|OQ443270.1|;OQ443270;459;1.49E-97;370;200;203;99.507;202;1;202;0;9823;Sus scrofa;even-toed ungulates & whales;pig;Eukaryota;Chordata;Mammalia;Artiodactyla;Suidae;Sus;Sus scrofa
2290;ASV_0027;203;gi|2445127564|gb|OQ443269.1|;OQ443269;459;1.49E-97;370;200;203;99.507;202;1;202;0;9823;Sus scrofa;even-toed ungulates & whales;pig;Eukaryota;Chordata;Mammalia;Artiodactyla;Suidae;Sus;Sus scrofa
2291;ASV_0027;203;gi|2445127563|gb|OQ443268.1|;OQ443268;459;1.49E-97;370;200;203;99.507;202;1;202;0;9823;Sus scrofa;even-toed ungulates & whales;pig;Eukaryota;Chordata;Mammalia;Artiodactyla;Suidae;Sus;Sus scrofa
2292;ASV_0027;203;gi|2445127562|gb|OQ443267.1|;OQ443267;459;1.49E-97;370;200;203;99.507;202;1;202;0;9823;Sus scrofa;even-toed ungulates & whales;pig;Eukaryota;Chordata;Mammalia;Artiodactyla;Suidae;Sus;Sus scrofa
2293;ASV_0027;203;gi|2445127561|gb|OQ443266.1|;OQ443266;459;1.49E-97;370;200;203;99.507;202;1;202;0;9823;Sus scrofa;even-toed ungulates & whales;pig;Eukaryota;Chordata;Mammalia;Artiodactyla;Suidae;Sus;Sus scrofa
2294;ASV_0027;203;gi|2445127559|gb|OQ443264.1|;OQ443264;459;1.49E-97;370;200;203;99.507;202;1;202;0;9823;Sus scrofa;even-toed ungulates & whales;pig;Eukaryota;Chordata;Mammalia;Artiodactyla;Suidae;Sus;Sus scrofa
2295;ASV_0027;203;gi|2445127558|gb|OQ443263.1|;OQ443263;459;1.49E-97;370;200;203;99.507;202;1;202;0;9823;Sus scrofa;even-toed ungulates & whales;pig;Eukaryota;Chordata;Mammalia;Artiodactyla;Suidae;Sus;Sus scrofa
2296;ASV_0027;203;gi|2445127557|gb|OQ443262.1|;OQ443262;459;1.49E-97;370;200;203;99.507;202;1;202;0;9823;Sus scrofa;even-toed ungulates & whales;pig;Eukaryota;Chordata;Mammalia;Artiodactyla;Suidae;Sus;Sus scrofa
2297;ASV_0027;203;gi|2445127556|gb|OQ443261.1|;OQ443261;459;1.49E-97;370;200;203;99.507;202;1;202;0;9823;Sus scrofa;even-toed ungulates & whales;pig;Eukaryota;Chordata;Mammalia;Artiodactyla;Suidae;Sus;Sus scrofa
2298;ASV_0027;203;gi|2445127555|gb|OQ443260.1|;OQ443260;459;1.49E-97;370;200;203;99.507;202;1;202;0;9823;Sus scrofa;even-toed ungulates & whales;pig;Eukaryota;Chordata;Mammalia;Artiodactyla;Suidae;Sus;Sus scrofa
2299;ASV_0027;203;gi|2445127554|gb|OQ443259.1|;OQ443259;459;1.49E-97;370;200;203;99.507;202;1;202;0;9823;Sus scrofa;even-toed ungulates & whales;pig;Eukaryota;Chordata;Mammalia;Artiodactyla;Suidae;Sus;Sus scrofa
2300;ASV_0027;203;gi|2445127553|gb|OQ443258.1|;OQ443258;459;1.49E-97;370;200;203;99.507;202;1;202;0;9823;Sus scrofa;even-toed ungulates & whales;pig;Eukaryota;Chordata;Mammalia;Artiodactyla;Suidae;Sus;Sus scrofa
2301;ASV_0027;203;gi|2445127552|gb|OQ443257.1|;OQ443257;459;1.49E-97;370;200;203;99.507;202;1;202;0;9823;Sus scrofa;even-toed ungulates & whales;pig;Eukaryota;Chordata;Mammalia;Artiodactyla;Suidae;Sus;Sus scrofa
2302;ASV_0027;203;gi|2445127551|gb|OQ443256.1|;OQ443256;459;1.49E-97;370;200;203;99.507;202;1;202;0;9823;Sus scrofa;even-toed ungulates & whales;pig;Eukaryota;Chordata;Mammalia;Artiodactyla;Suidae;Sus;Sus scrofa
2303;ASV_0027;203;gi|2445127550|gb|OQ443255.1|;OQ443255;459;1.49E-97;370;200;203;99.507;202;1;202;0;9823;Sus scrofa;even-toed ungulates & whales;pig;Eukaryota;Chordata;Mammalia;Artiodactyla;Suidae;Sus;Sus scrofa
2304;ASV_0027;203;gi|2445127549|gb|OQ443254.1|;OQ443254;459;1.49E-97;370;200;203;99.507;202;1;202;0;9823;Sus scrofa;even-toed ungulates & whales;pig;Eukaryota;Chordata;Mammalia;Artiodactyla;Suidae;Sus;Sus scrofa
2305;ASV_0027;203;gi|2445127548|gb|OQ443253.1|;OQ443253;459;1.49E-97;370;200;203;99.507;202;1;202;0;9823;Sus scrofa;even-toed ungulates & whales;pig;Eukaryota;Chordata;Mammalia;Artiodactyla;Suidae;Sus;Sus scrofa
2306;ASV_0027;203;gi|2277777572|gb|OP088329.1|;OP088329;523;1.49E-97;370;200;203;99.507;202;1;202;0;9823;Sus scrofa;even-toed ungulates & whales;pig;Eukaryota;Chordata;Mammalia;Artiodactyla;Suidae;Sus;Sus scrofa
2307;ASV_0027;203;gi|2414558493|gb|ON804887.1|;ON804887;16692;1.49E-97;370;200;203;99.507;202;1;202;0;9825;Sus scrofa domesticus;even-toed ungulates & whales;domestic pig;Eukaryota;Chordata;Mammalia;Artiodactyla;Suidae;Sus;Sus scrofa
2308;ASV_0027;203;gi|808177047|gb|KP765602.1|;KP765602;16741;1.49E-97;370;200;204;99.51;203;0;203;1;9823;Sus scrofa;even-toed ungulates & whales;pig;Eukaryota;Chordata;Mammalia;Artiodactyla;Suidae;Sus;Sus scrofa
2309;ASV_0027;203;gi|794460802|gb|KP681243.1|;KP681243;16721;1.49E-97;370;200;203;99.507;202;1;202;0;9823;Sus scrofa;even-toed ungulates & whales;pig;Eukaryota;Chordata;Mammalia;Artiodactyla;Suidae;Sus;Sus scrofa
2310;ASV_0027;203;gi|2321859529|gb|OM236539.1|;OM236539;16620;1.49E-97;370;200;203;99.507;202;1;202;0;9825;Sus scrofa domesticus;even-toed ungulates & whales;domestic pig;Eukaryota;Chordata;Mammalia;Artiodactyla;Suidae;Sus;Sus scrofa
2311;ASV_0027;203;gi|2307852130|gb|OK326862.1|;OK326862;16611;1.49E-97;370;200;203;99.507;202;1;202;0;9823;Sus scrofa;even-toed ungulates & whales;pig;Eukaryota;Chordata;Mammalia;Artiodactyla;Suidae;Sus;Sus scrofa
2312;ASV_0027;203;gi|757174577|gb|KP294522.1|;KP294522;16690;1.49E-97;370;200;203;99.507;202;1;202;0;9823;Sus scrofa;even-toed ungulates & whales;pig;Eukaryota;Chordata;Mammalia;Artiodactyla;Suidae;Sus;Sus scrofa
2313;ASV_0027;203;gi|748762942|gb|KP126939.1|;KP126939;16761;1.49E-97;370;200;203;99.507;202;1;202;0;9823;Sus scrofa;even-toed ungulates & whales;pig;Eukaryota;Chordata;Mammalia;Artiodactyla;Suidae;Sus;Sus scrofa
2314;ASV_0027;203;gi|698173772|gb|KM094194.1|;KM094194;16741;1.49E-97;370;200;203;99.507;202;1;202;0;9823;Sus scrofa;even-toed ungulates & whales;pig;Eukaryota;Chordata;Mammalia;Artiodactyla;Suidae;Sus;Sus scrofa
2315;ASV_0027;203;gi|695276270|gb|KJ193252.1|;KJ193252;523;1.49E-97;370;200;203;99.507;202;1;202;0;9823;Sus scrofa;even-toed ungulates & whales;pig;Eukaryota;Chordata;Mammalia;Artiodactyla;Suidae;Sus;Sus scrofa
2316;ASV_0027;203;gi|695276240|gb|KJ193222.1|;KJ193222;523;1.49E-97;370;200;203;99.507;202;1;202;0;9823;Sus scrofa;even-toed ungulates & whales;pig;Eukaryota;Chordata;Mammalia;Artiodactyla;Suidae;Sus;Sus scrofa
2317;ASV_0027;203;gi|695276215|gb|KJ193197.1|;KJ193197;523;1.49E-97;370;200;203;99.507;202;1;202;0;9823;Sus scrofa;even-toed ungulates & whales;pig;Eukaryota;Chordata;Mammalia;Artiodactyla;Suidae;Sus;Sus scrofa
2318;ASV_0027;203;gi|695276212|gb|KJ193194.1|;KJ193194;523;1.49E-97;370;200;203;99.507;202;1;202;0;9823;Sus scrofa;even-toed ungulates & whales;pig;Eukaryota;Chordata;Mammalia;Artiodactyla;Suidae;Sus;Sus scrofa
2319;ASV_0027;203;gi|695276083|gb|KJ193065.1|;KJ193065;523;1.49E-97;370;200;203;99.507;202;1;202;0;9823;Sus scrofa;even-toed ungulates & whales;"Greater cane rat""";Eukaryota;Chordata;Mammalia;Artiodactyla;Suidae;Sus;Sus scrofa
2320;ASV_0027;203;gi|695276081|gb|KJ193063.1|;KJ193063;523;1.49E-97;370;200;203;99.507;202;1;202;0;9823;Sus scrofa;even-toed ungulates & whales;pig;Eukaryota;Chordata;Mammalia;Artiodactyla;Suidae;Sus;Sus scrofa
2321;ASV_0027;203;gi|695276027|gb|KJ193009.1|;KJ193009;523;1.49E-97;370;200;203;99.507;202;1;202;0;9823;Sus scrofa;even-toed ungulates & whales;pig;Eukaryota;Chordata;Mammalia;Artiodactyla;Suidae;Sus;Sus scrofa
2322;ASV_0027;203;gi|685497081|ref|NC_024860.1|;NC_024860;16481;1.49E-97;370;200;203;99.507;202;1;202;0;273789;Sus celebensis;even-toed ungulates & whales;Celebes wild boar;Eukaryota;Chordata;Mammalia;Artiodactyla;Suidae;Sus;Sus celebensis
2323;ASV_0027;203;gi|675295267|gb|KJ782448.1|;KJ782448;16506;1.49E-97;370;200;203;99.507;202;1;202;0;9823;Sus scrofa;even-toed ungulates & whales;pig;Eukaryota;Chordata;Mammalia;Artiodactyla;Suidae;Sus;Sus scrofa
2324;ASV_0027;203;gi|669176308|gb|KJ746666.1|;KJ746666;16727;1.49E-97;370;200;203;99.507;202;1;202;0;9825;Sus scrofa domesticus;even-toed ungulates & whales;domestic pig;Eukaryota;Chordata;Mammalia;Artiodactyla;Suidae;Sus;Sus scrofa
2325;ASV_0027;203;gi|2152011340|gb|MK688993.1|;MK688993;16761;1.49E-97;370;200;203;99.507;202;1;202;0;9823;Sus scrofa;even-toed ungulates & whales;pig;Eukaryota;Chordata;Mammalia;Artiodactyla;Suidae;Sus;Sus scrofa
2326;ASV_0027;203;gi|2147638638|gb|OK329967.1|;OK329967;16752;1.49E-97;370;200;203;99.507;202;1;202;0;9823;Sus scrofa;even-toed ungulates & whales;pig;Eukaryota;Chordata;Mammalia;Artiodactyla;Suidae;Sus;Sus scrofa
2327;ASV_0027;203;gi|544582182|gb|KC984217.1|;KC984217;207;1.49E-97;370;200;203;99.507;202;1;202;0;9823;Sus scrofa;even-toed ungulates & whales;pig;Eukaryota;Chordata;Mammalia;Artiodactyla;Suidae;Sus;Sus scrofa
2328;ASV_0027;203;gi|2120245608|gb|MT483613.1|;MT483613;16620;1.49E-97;370;200;203;99.507;202;1;202;0;9823;Sus scrofa;even-toed ungulates & whales;pig;Eukaryota;Chordata;Mammalia;Artiodactyla;Suidae;Sus;Sus scrofa
2329;ASV_0027;203;gi|2107798264|gb|MZ846190.1|;MZ846190;16692;1.49E-97;370;200;203;99.507;202;1;202;0;9825;Sus scrofa domesticus;even-toed ungulates & whales;domestic pig;Eukaryota;Chordata;Mammalia;Artiodactyla;Suidae;Sus;Sus scrofa
2330;ASV_0027;203;gi|2106369929|gb|MW342493.1|;MW342493;16710;1.49E-97;370;200;203;99.507;202;1;202;0;9823;Sus scrofa;even-toed ungulates & whales;pig;Eukaryota;Chordata;Mammalia;Artiodactyla;Suidae;Sus;Sus scrofa
2331;ASV_0027;203;gi|586946472|gb|KF971862.1|;KF971862;16728;1.49E-97;370;200;204;99.51;203;0;203;1;9825;Sus scrofa domesticus;even-toed ungulates & whales;domestic pig;Eukaryota;Chordata;Mammalia;Artiodactyla;Suidae;Sus;Sus scrofa
2332;ASV_0027;203;gi|586829562|gb|KF767443.1|;KF767443;16741;1.49E-97;370;200;203;99.507;202;1;202;0;9823;Sus scrofa;even-toed ungulates & whales;pig;Eukaryota;Chordata;Mammalia;Artiodactyla;Suidae;Sus;Sus scrofa
2333;ASV_0027;203;gi|584596289|gb|KF908860.1|;KF908860;556;1.49E-97;370;200;203;99.507;202;1;202;0;9823;Sus scrofa;even-toed ungulates & whales;pig;Eukaryota;Chordata;Mammalia;Artiodactyla;Suidae;Sus;Sus scrofa
2334;ASV_0027;203;gi|589144553|ref|NC_023536.1|;NC_023536;16479;1.49E-97;370;200;203;99.507;202;1;202;0;159856;Sus verrucosus;even-toed ungulates & whales;Java warty pig;Eukaryota;Chordata;Mammalia;Artiodactyla;Suidae;Sus;Sus verrucosus
2335;ASV_0027;203;gi|576597389|gb|KF888634.1|;KF888634;16711;1.49E-97;370;200;203;99.507;202;1;202;0;9823;Sus scrofa;even-toed ungulates & whales;pig;Eukaryota;Chordata;Mammalia;Artiodactyla;Suidae;Sus;Sus scrofa
2336;ASV_0027;203;gi|465481228|gb|KC505410.1|;KC505410;16740;1.49E-97;370;200;204;99.51;203;0;203;1;9823;Sus scrofa;even-toed ungulates & whales;pig;Eukaryota;Chordata;Mammalia;Artiodactyla;Suidae;Sus;Sus scrofa
2337;ASV_0027;203;gi|571031644|gb|KF752550.1|;KF752550;16711;1.49E-97;370;200;204;99.51;203;0;203;1;9823;Sus scrofa;even-toed ungulates & whales;pig;Eukaryota;Chordata;Mammalia;Artiodactyla;Suidae;Sus;Sus scrofa
2338;ASV_0027;203;gi|556571580|gb|KF569218.1|;KF569218;16710;1.49E-97;370;200;203;99.507;202;1;202;0;9823;Sus scrofa;even-toed ungulates & whales;pig;Eukaryota;Chordata;Mammalia;Artiodactyla;Suidae;Sus;Sus scrofa
2339;ASV_0027;203;gi|2065397213|gb|MZ521005.1|;MZ521005;600;1.49E-97;370;200;203;99.507;202;1;202;0;9823;Sus scrofa;even-toed ungulates & whales;pig;Eukaryota;Chordata;Mammalia;Artiodactyla;Suidae;Sus;Sus scrofa
2340;ASV_0027;203;gi|550600831|gb|KF472177.1|;KF472177;16690;1.49E-97;370;200;204;99.51;203;0;203;1;9823;Sus scrofa;even-toed ungulates & whales;pig;Eukaryota;Chordata;Mammalia;Artiodactyla;Suidae;Sus;Sus scrofa
2341;ASV_0027;203;gi|695722347|pdb|4V19|A;4V19_A;1570;1.49E-97;370;200;203;99.507;202;1;202;0;9823;Sus scrofa;even-toed ungulates & whales;pig;Eukaryota;Chordata;Mammalia;Artiodactyla;Suidae;Sus;Sus scrofa
2342;ASV_0027;203;gi|1979414846|pdb|6GAW|BA;6GAW_BA;1571;1.49E-97;370;200;203;99.507;202;1;202;0;9823;Sus scrofa;even-toed ungulates & whales;pig;Eukaryota;Chordata;Mammalia;Artiodactyla;Suidae;Sus;Sus scrofa
2343;ASV_0027;203;gi|567755268|pdb|4CE4|A;4CE4_A;1570;1.49E-97;370;200;203;99.507;202;1;202;0;9825;Sus scrofa domesticus;even-toed ungulates & whales;domestic pig;Eukaryota;Chordata;Mammalia;Artiodactyla;Suidae;Sus;Sus scrofa
2344;ASV_0027;203;gi|2023428938|gb|CP071572.1|;CP071572;16611;1.49E-97;370;200;203;99.507;202;1;202;0;415978;Sus scrofa scrofa;even-toed ungulates & whales;Sus scrofa scrofa;Eukaryota;Chordata;Mammalia;Artiodactyla;Suidae;Sus;Sus scrofa
2345;ASV_0027;203;gi|347448737|gb|JN601075.1|;JN601075;16771;1.49E-97;370;200;203;99.507;202;1;202;0;9823;Sus scrofa;even-toed ungulates & whales;pig;Eukaryota;Chordata;Mammalia;Artiodactyla;Suidae;Sus;Sus scrofa
2346;ASV_0027;203;gi|347448695|gb|JN601072.1|;JN601072;16771;1.49E-97;370;200;203;99.507;202;1;202;0;9823;Sus scrofa;even-toed ungulates & whales;pig;Eukaryota;Chordata;Mammalia;Artiodactyla;Suidae;Sus;Sus scrofa
2347;ASV_0027;203;gi|347448667|gb|JN601070.1|;JN601070;16770;1.49E-97;370;200;203;99.507;202;1;202;0;9823;Sus scrofa;even-toed ungulates & whales;pig;Eukaryota;Chordata;Mammalia;Artiodactyla;Suidae;Sus;Sus scrofa
2348;ASV_0027;203;gi|347448639|gb|JN601068.1|;JN601068;16770;1.49E-97;370;200;203;99.507;202;1;202;0;9823;Sus scrofa;even-toed ungulates & whales;pig;Eukaryota;Chordata;Mammalia;Artiodactyla;Suidae;Sus;Sus scrofa
2349;ASV_0027;203;gi|347448611|gb|JN601066.1|;JN601066;16770;1.49E-97;370;200;203;99.507;202;1;202;0;9823;Sus scrofa;even-toed ungulates & whales;pig;Eukaryota;Chordata;Mammalia;Artiodactyla;Suidae;Sus;Sus scrofa
2350;ASV_0027;203;gi|459353574|gb|KC469587.1|;KC469587;16612;1.49E-97;370;200;203;99.507;202;1;202;0;9825;Sus scrofa domesticus;even-toed ungulates & whales;domestic pig;Eukaryota;Chordata;Mammalia;Artiodactyla;Suidae;Sus;Sus scrofa
2351;ASV_0027;203;gi|445065190|gb|KC208030.1|;KC208030;540;1.49E-97;370;200;203;99.507;202;1;202;0;9825;Sus scrofa domesticus;even-toed ungulates & whales;domestic pig;Eukaryota;Chordata;Mammalia;Artiodactyla;Suidae;Sus;Sus scrofa
2352;ASV_0027;203;gi|443611020|gb|KC250275.1|;KC250275;16610;1.49E-97;370;200;203;99.507;202;1;202;0;9823;Sus scrofa;even-toed ungulates & whales;pig;Eukaryota;Chordata;Mammalia;Artiodactyla;Suidae;Sus;Sus scrofa
2353;ASV_0027;203;gi|443611006|gb|KC250274.1|;KC250274;16620;1.49E-97;370;200;203;99.507;202;1;202;0;9823;Sus scrofa;even-toed ungulates & whales;pig;Eukaryota;Chordata;Mammalia;Artiodactyla;Suidae;Sus;Sus scrofa
2354;ASV_0027;203;gi|371913018|dbj|AK392675.1|;AK392675;1514;1.49E-97;370;200;203;99.507;202;1;202;0;9823;Sus scrofa;even-toed ungulates & whales;pig;Eukaryota;Chordata;Mammalia;Artiodactyla;Suidae;Sus;Sus scrofa
2355;ASV_0027;203;gi|1913240884|dbj|LC500156.1|;LC500156;465;1.49E-97;370;200;203;99.507;202;1;202;0;9823;Sus scrofa;even-toed ungulates & whales;pig;Eukaryota;Chordata;Mammalia;Artiodactyla;Suidae;Sus;Sus scrofa
2356;ASV_0027;203;gi|1898549875|gb|MT199606.1|;MT199606;16619;1.49E-97;370;200;203;99.507;202;1;202;0;9823;Sus scrofa;even-toed ungulates & whales;pig;Eukaryota;Chordata;Mammalia;Artiodactyla;Suidae;Sus;Sus scrofa
2357;ASV_0027;203;gi|347826125|gb|JN714159.1|;JN714159;553;1.49E-97;370;200;203;99.507;202;1;202;0;9823;Sus scrofa;even-toed ungulates & whales;pig;Eukaryota;Chordata;Mammalia;Artiodactyla;Suidae;Sus;Sus scrofa
2358;ASV_0027;203;gi|347826105|gb|JN714139.1|;JN714139;483;1.49E-97;370;200;203;99.507;202;1;202;0;9823;Sus scrofa;even-toed ungulates & whales;pig;Eukaryota;Chordata;Mammalia;Artiodactyla;Suidae;Sus;Sus scrofa
2359;ASV_0027;203;gi|347826099|gb|JN714133.1|;JN714133;553;1.49E-97;370;200;203;99.507;202;1;202;0;9823;Sus scrofa;even-toed ungulates & whales;pig;Eukaryota;Chordata;Mammalia;Artiodactyla;Suidae;Sus;Sus scrofa
2360;ASV_0027;203;gi|347826097|gb|JN714131.1|;JN714131;494;1.49E-97;370;200;203;99.507;202;1;202;0;9825;Sus scrofa domesticus;even-toed ungulates & whales;domestic pig;Eukaryota;Chordata;Mammalia;Artiodactyla;Suidae;Sus;Sus scrofa
2361;ASV_0027;203;gi|344051225|gb|JF810372.1|;JF810372;470;1.49E-97;370;200;203;99.507;202;1;202;0;9823;Sus scrofa;even-toed ungulates & whales;pig;Eukaryota;Chordata;Mammalia;Artiodactyla;Suidae;Sus;Sus scrofa
2362;ASV_0027;203;gi|344051224|gb|JF810371.1|;JF810371;515;1.49E-97;370;200;203;99.507;202;1;202;0;9823;Sus scrofa;even-toed ungulates & whales;pig;Eukaryota;Chordata;Mammalia;Artiodactyla;Suidae;Sus;Sus scrofa
2363;ASV_0027;203;gi|344051223|gb|JF810370.1|;JF810370;512;1.49E-97;370;200;203;99.507;202;1;202;0;9823;Sus scrofa;even-toed ungulates & whales;pig;Eukaryota;Chordata;Mammalia;Artiodactyla;Suidae;Sus;Sus scrofa
2364;ASV_0027;203;gi|344051221|gb|JF810368.1|;JF810368;497;1.49E-97;370;200;203;99.507;202;1;202;0;9823;Sus scrofa;even-toed ungulates & whales;pig;Eukaryota;Chordata;Mammalia;Artiodactyla;Suidae;Sus;Sus scrofa
2365;ASV_0027;203;gi|344051220|gb|JF810367.1|;JF810367;515;1.49E-97;370;200;203;99.507;202;1;202;0;9823;Sus scrofa;even-toed ungulates & whales;pig;Eukaryota;Chordata;Mammalia;Artiodactyla;Suidae;Sus;Sus scrofa
2366;ASV_0027;203;gi|344051219|gb|JF810366.1|;JF810366;466;1.49E-97;370;200;203;99.507;202;1;202;0;9823;Sus scrofa;even-toed ungulates & whales;pig;Eukaryota;Chordata;Mammalia;Artiodactyla;Suidae;Sus;Sus scrofa
2367;ASV_0027;203;gi|344051217|gb|JF810364.1|;JF810364;496;1.49E-97;370;200;203;99.507;202;1;202;0;9823;Sus scrofa;even-toed ungulates & whales;pig;Eukaryota;Chordata;Mammalia;Artiodactyla;Suidae;Sus;Sus scrofa
2368;ASV_0027;203;gi|344051216|gb|JF810363.1|;JF810363;499;1.49E-97;370;200;203;99.507;202;1;202;0;9823;Sus scrofa;even-toed ungulates & whales;pig;Eukaryota;Chordata;Mammalia;Artiodactyla;Suidae;Sus;Sus scrofa
2369;ASV_0027;203;gi|344051214|gb|JF810361.1|;JF810361;528;1.49E-97;370;200;203;99.507;202;1;202;0;9823;Sus scrofa;even-toed ungulates & whales;pig;Eukaryota;Chordata;Mammalia;Artiodactyla;Suidae;Sus;Sus scrofa
2370;ASV_0027;203;gi|344051213|gb|JF810360.1|;JF810360;533;1.49E-97;370;200;203;99.507;202;1;202;0;9823;Sus scrofa;even-toed ungulates & whales;pig;Eukaryota;Chordata;Mammalia;Artiodactyla;Suidae;Sus;Sus scrofa
2371;ASV_0027;203;gi|344051212|gb|JF810359.1|;JF810359;506;1.49E-97;370;200;203;99.507;202;1;202;0;9823;Sus scrofa;even-toed ungulates & whales;pig;Eukaryota;Chordata;Mammalia;Artiodactyla;Suidae;Sus;Sus scrofa
2372;ASV_0027;203;gi|344051211|gb|JF810358.1|;JF810358;516;1.49E-97;370;200;203;99.507;202;1;202;0;9823;Sus scrofa;even-toed ungulates & whales;pig;Eukaryota;Chordata;Mammalia;Artiodactyla;Suidae;Sus;Sus scrofa
2373;ASV_0027;203;gi|344051210|gb|JF810357.1|;JF810357;515;1.49E-97;370;200;203;99.507;202;1;202;0;9823;Sus scrofa;even-toed ungulates & whales;pig;Eukaryota;Chordata;Mammalia;Artiodactyla;Suidae;Sus;Sus scrofa
2374;ASV_0027;203;gi|344051209|gb|JF810356.1|;JF810356;521;1.49E-97;370;200;203;99.507;202;1;202;0;9823;Sus scrofa;even-toed ungulates & whales;pig;Eukaryota;Chordata;Mammalia;Artiodactyla;Suidae;Sus;Sus scrofa
2375;ASV_0027;203;gi|344051208|gb|JF810355.1|;JF810355;504;1.49E-97;370;200;203;99.507;202;1;202;0;9823;Sus scrofa;even-toed ungulates & whales;pig;Eukaryota;Chordata;Mammalia;Artiodactyla;Suidae;Sus;Sus scrofa
2376;ASV_0027;203;gi|344051207|gb|JF810354.1|;JF810354;514;1.49E-97;370;200;203;99.507;202;1;202;0;9823;Sus scrofa;even-toed ungulates & whales;pig;Eukaryota;Chordata;Mammalia;Artiodactyla;Suidae;Sus;Sus scrofa
2377;ASV_0027;203;gi|344051206|gb|JF810353.1|;JF810353;517;1.49E-97;370;200;203;99.507;202;1;202;0;9823;Sus scrofa;even-toed ungulates & whales;pig;Eukaryota;Chordata;Mammalia;Artiodactyla;Suidae;Sus;Sus scrofa
2378;ASV_0027;203;gi|342316091|gb|DQ534707.2|;DQ534707;16728;1.49E-97;370;200;203;99.507;202;1;202;0;9823;Sus scrofa;even-toed ungulates & whales;pig;Eukaryota;Chordata;Mammalia;Artiodactyla;Suidae;Sus;Sus scrofa
2379;ASV_0027;203;gi|296939783|gb|GQ338947.1|;GQ338947;1473;1.49E-97;370;200;203;99.507;202;1;202;0;9823;Sus scrofa;even-toed ungulates & whales;pig;Eukaryota;Chordata;Mammalia;Artiodactyla;Suidae;Sus;Sus scrofa
2380;ASV_0027;203;gi|296939782|gb|GQ338946.1|;GQ338946;1475;1.49E-97;370;200;203;99.507;202;1;202;0;273789;Sus celebensis;even-toed ungulates & whales;Celebes wild boar;Eukaryota;Chordata;Mammalia;Artiodactyla;Suidae;Sus;Sus celebensis
2381;ASV_0027;203;gi|296939781|gb|GQ338945.1|;GQ338945;1475;1.49E-97;370;200;203;99.507;202;1;202;0;159856;Sus verrucosus;even-toed ungulates & whales;Java warty pig;Eukaryota;Chordata;Mammalia;Artiodactyla;Suidae;Sus;Sus verrucosus
2382;ASV_0027;203;gi|238625868|gb|GQ220328.1|;GQ220328;16609;1.49E-97;370;200;203;99.507;202;1;202;0;9823;Sus scrofa;even-toed ungulates & whales;pig;Eukaryota;Chordata;Mammalia;Artiodactyla;Suidae;Sus;Sus scrofa
2383;ASV_0027;203;gi|223976078|ref|NC_012095.1|;NC_012095;16770;1.49E-97;370;200;203;99.507;202;1;202;0;9825;Sus scrofa domesticus;even-toed ungulates & whales;"domestic pig""";Eukaryota;Chordata;Mammalia;Artiodactyla;Suidae;Sus;Sus scrofa
2384;ASV_0027;203;gi|209166268|gb|FJ237003.1|;FJ237003;16940;1.49E-97;370;200;203;99.507;202;1;202;0;9823;Sus scrofa;even-toed ungulates & whales;pig;Eukaryota;Chordata;Mammalia;Artiodactyla;Suidae;Sus;Sus scrofa
2385;ASV_0027;203;gi|209166254|gb|FJ237002.1|;FJ237002;16941;1.49E-97;370;200;203;99.507;202;1;202;0;9823;Sus scrofa;even-toed ungulates & whales;pig;Eukaryota;Chordata;Mammalia;Artiodactyla;Suidae;Sus;Sus scrofa
2386;ASV_0027;203;gi|209166240|gb|FJ237001.1|;FJ237001;16941;1.49E-97;370;200;203;99.507;202;1;202;0;9823;Sus scrofa;even-toed ungulates & whales;pig;Eukaryota;Chordata;Mammalia;Artiodactyla;Suidae;Sus;Sus scrofa
2387;ASV_0027;203;gi|209166226|gb|FJ237000.1|;FJ237000;16941;1.49E-97;370;200;203;99.507;202;1;202;0;9823;Sus scrofa;even-toed ungulates & whales;pig;Eukaryota;Chordata;Mammalia;Artiodactyla;Suidae;Sus;Sus scrofa
2388;ASV_0027;203;gi|209166212|gb|FJ236999.1|;FJ236999;16941;1.49E-97;370;200;203;99.507;202;1;202;0;9823;Sus scrofa;even-toed ungulates & whales;pig;Eukaryota;Chordata;Mammalia;Artiodactyla;Suidae;Sus;Sus scrofa
2389;ASV_0027;203;gi|2165717877|gb|OL547468.1|;OL547468;16670;5.35E-97;368;199;203;99.015;201;2;201;0;9823;Sus scrofa;even-toed ungulates & whales;pig;Eukaryota;Chordata;Mammalia;Artiodactyla;Suidae;Sus;Sus scrofa
41981;ASV_0552;199;gi|1846259977|gb|MT511085.1|;MT511085;16572;5.23E-97;368;199;199;100;199;0;199;0;9606;Homo sapiens;primates;human;Eukaryota;Chordata;Mammalia;Primates;Hominidae;Homo;Homo sapiens
41982;ASV_0552;199;gi|3061389744|gb|PX366990.1|;PX366990;16569;5.23E-97;368;199;199;100;199;0;199;0;9606;Homo sapiens;primates;human;Eukaryota;Chordata;Mammalia;Primates;Hominidae;Homo;Homo sapiens
41983;ASV_0552;199;gi|1770705182|gb|MK860643.2|;MK860643;16562;5.23E-97;368;199;199;100;199;0;199;0;9606;Homo sapiens;primates;human;Eukaryota;Chordata;Mammalia;Primates;Hominidae;Homo;Homo sapiens
41984;ASV_0552;199;gi|1770705178|gb|MK860639.2|;MK860639;16563;5.23E-97;368;199;199;100;199;0;199;0;9606;Homo sapiens;primates;human;Eukaryota;Chordata;Mammalia;Primates;Hominidae;Homo;Homo sapiens
41985;ASV_0552;199;gi|1751380886|gb|MG660641.1|;MG660641;16567;5.23E-97;368;199;199;100;199;0;199;0;9606;Homo sapiens;primates;human;Eukaryota;Chordata;Mammalia;Primates;Hominidae;Homo;Homo sapiens
41986;ASV_0552;199;gi|1727112781|gb|MK491403.1|;MK491403;16568;5.23E-97;368;199;199;100;199;0;199;0;9606;Homo sapiens;primates;human;Eukaryota;Chordata;Mammalia;Primates;Hominidae;Homo;Homo sapiens
41987;ASV_0552;199;gi|2947763379|gb|PV424088.1|;PV424088;16571;5.23E-97;368;199;199;100;199;0;199;0;9606;Homo sapiens;primates;human;Eukaryota;Chordata;Mammalia;Primates;Hominidae;Homo;Homo sapiens
41988;ASV_0552;199;gi|1587354865|gb|MK570294.1|;MK570294;16570;5.23E-97;368;199;199;100;199;0;199;0;9606;Homo sapiens;primates;human;Eukaryota;Chordata;Mammalia;Primates;Hominidae;Homo;Homo sapiens
41989;ASV_0552;199;gi|1517358152|gb|MH449450.1|;MH449450;16561;5.23E-97;368;199;199;100;199;0;199;0;9606;Homo sapiens;primates;human;Eukaryota;Chordata;Mammalia;Primates;Hominidae;Homo;Homo sapiens
41990;ASV_0552;199;gi|1517351450|gb|MH448971.1|;MH448971;16560;5.23E-97;368;199;199;100;199;0;199;0;9606;Homo sapiens;primates;human;Eukaryota;Chordata;Mammalia;Primates;Hominidae;Homo;Homo sapiens
41991;ASV_0552;199;gi|1020881254|gb|KT587562.1|;KT587562;16569;5.23E-97;368;199;199;100;199;0;199;0;9606;Homo sapiens;primates;human;Eukaryota;Chordata;Mammalia;Primates;Hominidae;Homo;Homo sapiens
41992;ASV_0552;199;gi|1538979406|gb|MK165674.1|;MK165674;16568;5.23E-97;368;199;199;100;199;0;199;0;9606;Homo sapiens;primates;human;Eukaryota;Chordata;Mammalia;Primates;Hominidae;Homo;Homo sapiens
41993;ASV_0552;199;gi|1411188905|gb|MG952813.1|;MG952813;16569;5.23E-97;368;199;199;100;199;0;199;0;9606;Homo sapiens;primates;human;Eukaryota;Chordata;Mammalia;Primates;Hominidae;Homo;Homo sapiens
41994;ASV_0552;199;gi|1383527200|gb|MG637099.1|;MG637099;16560;5.23E-97;368;199;199;100;199;0;199;0;9606;Homo sapiens;primates;human;Eukaryota;Chordata;Mammalia;Primates;Hominidae;Homo;Homo sapiens
41995;ASV_0552;199;gi|1383526556|gb|MG637053.1|;MG637053;16561;5.23E-97;368;199;199;100;199;0;199;0;9606;Homo sapiens;primates;human;Eukaryota;Chordata;Mammalia;Primates;Hominidae;Homo;Homo sapiens
41996;ASV_0552;199;gi|1357261171|gb|MG272708.1|;MG272708;16569;5.23E-97;368;199;199;100;199;0;199;0;9606;Homo sapiens;primates;human;Eukaryota;Chordata;Mammalia;Primates;Hominidae;Homo;Homo sapiens
41997;ASV_0552;199;gi|1357260429|gb|MG272655.1|;MG272655;16570;5.23E-97;368;199;199;100;199;0;199;0;9606;Homo sapiens;primates;human;Eukaryota;Chordata;Mammalia;Primates;Hominidae;Homo;Homo sapiens
41998;ASV_0552;199;gi|1069427834|gb|KU683572.1|;KU683572;16566;5.23E-97;368;199;199;100;199;0;199;0;9606;Homo sapiens;primates;human;Eukaryota;Chordata;Mammalia;Primates;Hominidae;Homo;Homo sapiens
41999;ASV_0552;199;gi|1069427330|gb|KU683536.1|;KU683536;16566;5.23E-97;368;199;199;100;199;0;199;0;9606;Homo sapiens;primates;human;Eukaryota;Chordata;Mammalia;Primates;Hominidae;Homo;Homo sapiens
42000;ASV_0552;199;gi|2756416221|gb|PQ002776.1|;PQ002776;16561;5.23E-97;368;199;199;100;199;0;199;0;9606;Homo sapiens;primates;human;Eukaryota;Chordata;Mammalia;Primates;Hominidae;Homo;Homo sapiens
42001;ASV_0552;199;gi|2756416053|gb|PQ002764.1|;PQ002764;16561;5.23E-97;368;199;199;100;199;0;199;0;9606;Homo sapiens;primates;human;Eukaryota;Chordata;Mammalia;Primates;Hominidae;Homo;Homo sapiens
42002;ASV_0552;199;gi|2756415983|gb|PQ002759.1|;PQ002759;16560;5.23E-97;368;199;199;100;199;0;199;0;9606;Homo sapiens;primates;human;Eukaryota;Chordata;Mammalia;Primates;Hominidae;Homo;Homo sapiens
42003;ASV_0552;199;gi|2756414177|gb|PQ002630.1|;PQ002630;16561;5.23E-97;368;199;199;100;199;0;199;0;9606;Homo sapiens;primates;human;Eukaryota;Chordata;Mammalia;Primates;Hominidae;Homo;Homo sapiens
42004;ASV_0552;199;gi|1172961346|gb|KY595614.1|;KY595614;16568;5.23E-97;368;199;199;100;199;0;199;0;9606;Homo sapiens;primates;human;Eukaryota;Chordata;Mammalia;Primates;Hominidae;Homo;Homo sapiens
42005;ASV_0552;199;gi|1160417952|gb|KX977309.1|;KX977309;16569;5.23E-97;368;199;199;100;199;0;199;0;9606;Homo sapiens;primates;human;Eukaryota;Chordata;Mammalia;Primates;Hominidae;Homo;Homo sapiens
42006;ASV_0552;199;gi|2651587164|gb|OM489685.1|;OM489685;16569;5.23E-97;368;199;199;100;199;0;199;0;9606;Homo sapiens;primates;human;Eukaryota;Chordata;Mammalia;Primates;Hominidae;Homo;Homo sapiens
42007;ASV_0552;199;gi|1101019737|gb|KX467443.1|;KX467443;559;5.23E-97;368;199;199;100;199;0;199;0;419950;Phascolosoma esculenta;peanut worms;Phascolosoma esculenta;Eukaryota;Annelida;Sipuncula;Phascolosomatiformes;Phascolosomatidae;Phascolosoma;Phascolosoma esculenta
42008;ASV_0552;199;gi|998452500|gb|KU521403.1|;KU521403;16559;5.23E-97;368;199;199;100;199;0;199;0;9606;Homo sapiens;primates;human;Eukaryota;Chordata;Mammalia;Primates;Hominidae;Homo;Homo sapiens
42009;ASV_0552;199;gi|2512949338|gb|OQ884771.1|;OQ884771;16570;5.23E-97;368;199;199;100;199;0;199;0;9606;Homo sapiens;primates;human;Eukaryota;Chordata;Mammalia;Primates;Hominidae;Homo;Homo sapiens
42010;ASV_0552;199;gi|2500264083|gb|OQ731958.1|;OQ731958;16568;5.23E-97;368;199;199;100;199;0;199;0;9606;Homo sapiens;primates;human;Eukaryota;Chordata;Mammalia;Primates;Hominidae;Homo;Homo sapiens
42011;ASV_0552;199;gi|821345122|gb|KP340154.1|;KP340154;16568;5.23E-97;368;199;199;100;199;0;199;0;9606;Homo sapiens;primates;human;Eukaryota;Chordata;Mammalia;Primates;Hominidae;Homo;Homo sapiens
42012;ASV_0552;199;gi|2444159641|gb|OP620817.1|;OP620817;16560;5.23E-97;368;199;199;100;199;0;199;0;9606;Homo sapiens;primates;human;Eukaryota;Chordata;Mammalia;Primates;Hominidae;Homo;Homo sapiens
42013;ASV_0552;199;gi|2273662530|gb|MZ387756.1|;MZ387756;16568;5.23E-97;368;199;199;100;199;0;199;0;9606;Homo sapiens;primates;human;Eukaryota;Chordata;Mammalia;Primates;Hominidae;Homo;Homo sapiens
42014;ASV_0552;199;gi|2030161164|gb|MZ042239.1|;MZ042239;359;5.23E-97;368;199;199;100;199;0;199;0;2650947;Caligus priacanthi;crustaceans;Caligus priacanthi;Eukaryota;Arthropoda;Hexanauplia;Siphonostomatoida;Caligidae;Caligus;Caligus priacanthi
42015;ASV_0552;199;gi|700277213|gb|KM101669.1|;KM101669;16567;5.23E-97;368;199;199;100;199;0;199;0;9606;Homo sapiens;primates;human;Eukaryota;Chordata;Mammalia;Primates;Hominidae;Homo;Homo sapiens
42016;ASV_0552;199;gi|550824379|gb|KC252450.1|;KC252450;16559;5.23E-97;368;199;199;100;199;0;199;0;9606;Homo sapiens;primates;human;Eukaryota;Chordata;Mammalia;Primates;Hominidae;Homo;Homo sapiens
42017;ASV_0552;199;gi|550823301|gb|KC252373.1|;KC252373;16559;5.23E-97;368;199;199;100;199;0;199;0;9606;Homo sapiens;primates;human;Eukaryota;Chordata;Mammalia;Primates;Hominidae;Homo;Homo sapiens
42018;ASV_0552;199;gi|683416590|gb|KJ856739.1|;KJ856739;16570;5.23E-97;368;199;199;100;199;0;199;0;9606;Homo sapiens;primates;human;Eukaryota;Chordata;Mammalia;Primates;Hominidae;Homo;Homo sapiens
42019;ASV_0552;199;gi|556701437|gb|KF450930.1|;KF450930;16571;5.23E-97;368;199;199;100;199;0;199;0;9606;Homo sapiens;primates;human;Eukaryota;Chordata;Mammalia;Primates;Hominidae;Homo;Homo sapiens
42020;ASV_0552;199;gi|2209195739|gb|OL505322.1|;OL505322;16565;5.23E-97;368;199;199;100;199;0;199;0;9606;Homo sapiens;primates;human;Eukaryota;Chordata;Mammalia;Primates;Hominidae;Homo;Homo sapiens
42021;ASV_0552;199;gi|2198022651|gb|MW698667.2|;MW698667;16567;5.23E-97;368;199;199;100;199;0;199;0;9606;Homo sapiens;primates;human;Eukaryota;Chordata;Mammalia;Primates;Hominidae;Homo;Homo sapiens
42022;ASV_0552;199;gi|2130727604|gb|MN595894.2|;MN595894;16570;5.23E-97;368;199;199;100;199;0;199;0;9606;Homo sapiens;primates;human;Eukaryota;Chordata;Mammalia;Primates;Hominidae;Homo;Homo sapiens
42023;ASV_0552;199;gi|2130727569|gb|MN595858.2|;MN595858;16567;5.23E-97;368;199;199;100;199;0;199;0;9606;Homo sapiens;primates;human;Eukaryota;Chordata;Mammalia;Primates;Hominidae;Homo;Homo sapiens
42024;ASV_0552;199;gi|614518909|gb|KJ445985.1|;KJ445985;16569;5.23E-97;368;199;199;100;199;0;199;0;9606;Homo sapiens;primates;human;Eukaryota;Chordata;Mammalia;Primates;Hominidae;Homo;Homo sapiens
42025;ASV_0552;199;gi|555294535|gb|KF540815.1|;KF540815;16569;5.23E-97;368;199;199;100;199;0;199;0;9606;Homo sapiens;primates;human;Eukaryota;Chordata;Mammalia;Primates;Hominidae;Homo;Homo sapiens
42026;ASV_0552;199;gi|397190198|gb|JX153853.1|;JX153853;16569;5.23E-97;368;199;199;100;199;0;199;0;9606;Homo sapiens;primates;human;Eukaryota;Chordata;Mammalia;Primates;Hominidae;Homo;Homo sapiens
42027;ASV_0552;199;gi|397182260|gb|JX153286.1|;JX153286;16570;5.23E-97;368;199;199;100;199;0;199;0;9606;Homo sapiens;primates;human;Eukaryota;Chordata;Mammalia;Primates;Hominidae;Homo;Homo sapiens
42028;ASV_0552;199;gi|397180622|gb|JX153169.1|;JX153169;16569;5.23E-97;368;199;199;100;199;0;199;0;9606;Homo sapiens;primates;human;Eukaryota;Chordata;Mammalia;Primates;Hominidae;Homo;Homo sapiens
42029;ASV_0552;199;gi|519125711|gb|KC911393.1|;KC911393;16570;5.23E-97;368;199;199;100;199;0;199;0;9606;Homo sapiens;primates;human;Eukaryota;Chordata;Mammalia;Primates;Hominidae;Homo;Homo sapiens
42030;ASV_0552;199;gi|2063830291|dbj|LC597336.1|;LC597336;16544;5.23E-97;368;199;199;100;199;0;199;0;9606;Homo sapiens;primates;human;Eukaryota;Chordata;Mammalia;Primates;Hominidae;Homo;Homo sapiens
42031;ASV_0552;199;gi|545772637|gb|KF162669.1|;KF162669;16569;5.23E-97;368;199;199;100;199;0;199;0;9606;Homo sapiens;primates;human;Eukaryota;Chordata;Mammalia;Primates;Hominidae;Homo;Homo sapiens
42032;ASV_0552;199;gi|545752016|gb|KF161196.1|;KF161196;16569;5.23E-97;368;199;199;100;199;0;199;0;9606;Homo sapiens;primates;human;Eukaryota;Chordata;Mammalia;Primates;Hominidae;Homo;Homo sapiens
42033;ASV_0552;199;gi|401066720|gb|JX273250.1|;JX273250;16572;5.23E-97;368;199;199;100;199;0;199;0;9606;Homo sapiens;primates;human;Eukaryota;Chordata;Mammalia;Primates;Hominidae;Homo;Homo sapiens
42034;ASV_0552;199;gi|408775670|gb|JX462721.1|;JX462721;16571;5.23E-97;368;199;199;100;199;0;199;0;9606;Homo sapiens;primates;human;Eukaryota;Chordata;Mammalia;Primates;Hominidae;Homo;Homo sapiens
42035;ASV_0552;199;gi|408775628|gb|JX462718.1|;JX462718;16571;5.23E-97;368;199;199;100;199;0;199;0;9606;Homo sapiens;primates;human;Eukaryota;Chordata;Mammalia;Primates;Hominidae;Homo;Homo sapiens
42036;ASV_0552;199;gi|408775572|gb|JX462714.1|;JX462714;16571;5.23E-97;368;199;199;100;199;0;199;0;9606;Homo sapiens;primates;human;Eukaryota;Chordata;Mammalia;Primates;Hominidae;Homo;Homo sapiens
42037;ASV_0552;199;gi|408775544|gb|JX462712.1|;JX462712;16571;5.23E-97;368;199;199;100;199;0;199;0;9606;Homo sapiens;primates;human;Eukaryota;Chordata;Mammalia;Primates;Hominidae;Homo;Homo sapiens
42038;ASV_0552;199;gi|408775530|gb|JX462711.1|;JX462711;16570;5.23E-97;368;199;199;100;199;0;199;0;9606;Homo sapiens;primates;human;Eukaryota;Chordata;Mammalia;Primates;Hominidae;Homo;Homo sapiens
42039;ASV_0552;199;gi|408775516|gb|JX462710.1|;JX462710;16573;5.23E-97;368;199;199;100;199;0;199;0;9606;Homo sapiens;primates;human;Eukaryota;Chordata;Mammalia;Primates;Hominidae;Homo;Homo sapiens
42040;ASV_0552;199;gi|408775502|gb|JX462709.1|;JX462709;16572;5.23E-97;368;199;199;100;199;0;199;0;9606;Homo sapiens;primates;human;Eukaryota;Chordata;Mammalia;Primates;Hominidae;Homo;Homo sapiens
42041;ASV_0552;199;gi|408775420|gb|JX462703.1|;JX462703;16570;5.23E-97;368;199;199;100;199;0;199;0;9606;Homo sapiens;primates;human;Eukaryota;Chordata;Mammalia;Primates;Hominidae;Homo;Homo sapiens
42042;ASV_0552;199;gi|408775282|gb|JX462693.1|;JX462693;16570;5.23E-97;368;199;199;100;199;0;199;0;9606;Homo sapiens;primates;human;Eukaryota;Chordata;Mammalia;Primates;Hominidae;Homo;Homo sapiens
42043;ASV_0552;199;gi|408775144|gb|JX462683.1|;JX462683;16570;5.23E-97;368;199;199;100;199;0;199;0;9606;Homo sapiens;primates;human;Eukaryota;Chordata;Mammalia;Primates;Hominidae;Homo;Homo sapiens
42044;ASV_0552;199;gi|536189408|dbj|AP013275.1|;AP013275;16562;5.23E-97;368;199;199;100;199;0;199;0;9606;Homo sapiens;primates;human;Eukaryota;Chordata;Mammalia;Primates;Hominidae;Homo;Homo sapiens
42045;ASV_0552;199;gi|536189257|dbj|AP013265.1|;AP013265;16562;5.23E-97;368;199;199;100;199;0;199;0;9606;Homo sapiens;primates;human;Eukaryota;Chordata;Mammalia;Primates;Hominidae;Homo;Homo sapiens
42046;ASV_0552;199;gi|536188598|dbj|AP013219.1|;AP013219;16563;5.23E-97;368;199;199;100;199;0;199;0;9606;Homo sapiens;primates;human;Eukaryota;Chordata;Mammalia;Primates;Hominidae;Homo;Homo sapiens
42047;ASV_0552;199;gi|536187791|dbj|AP013164.1|;AP013164;16560;5.23E-97;368;199;199;100;199;0;199;0;9606;Homo sapiens;primates;human;Eukaryota;Chordata;Mammalia;Primates;Hominidae;Homo;Homo sapiens
42048;ASV_0552;199;gi|536187761|dbj|AP013162.1|;AP013162;16562;5.23E-97;368;199;199;100;199;0;199;0;9606;Homo sapiens;primates;human;Eukaryota;Chordata;Mammalia;Primates;Hominidae;Homo;Homo sapiens
42049;ASV_0552;199;gi|536187207|dbj|AP013125.1|;AP013125;16562;5.23E-97;368;199;199;100;199;0;199;0;9606;Homo sapiens;primates;human;Eukaryota;Chordata;Mammalia;Primates;Hominidae;Homo;Homo sapiens
42050;ASV_0552;199;gi|513789257|gb|KC993951.1|;KC993951;16568;5.23E-97;368;199;199;100;199;0;199;0;9606;Homo sapiens;primates;human;Eukaryota;Chordata;Mammalia;Primates;Hominidae;Homo;Homo sapiens
42051;ASV_0552;199;gi|513789033|gb|KC993935.1|;KC993935;16567;5.23E-97;368;199;199;100;199;0;199;0;9606;Homo sapiens;primates;human;Eukaryota;Chordata;Mammalia;Primates;Hominidae;Homo;Homo sapiens
42052;ASV_0552;199;gi|513789019|gb|KC993934.1|;KC993934;16568;5.23E-97;368;199;199;100;199;0;199;0;9606;Homo sapiens;primates;human;Eukaryota;Chordata;Mammalia;Primates;Hominidae;Homo;Homo sapiens
42053;ASV_0552;199;gi|2021383665|gb|MW467862.1|;MW467862;16569;5.23E-97;368;199;199;100;199;0;199;0;9606;Homo sapiens;primates;human;Eukaryota;Chordata;Mammalia;Primates;Hominidae;Homo;Homo sapiens
42054;ASV_0552;199;gi|347803695|gb|JN214458.1|;JN214458;16567;5.23E-97;368;199;199;100;199;0;199;0;9606;Homo sapiens;primates;human;Eukaryota;Chordata;Mammalia;Primates;Hominidae;Homo;Homo sapiens
42055;ASV_0552;199;gi|381264935|gb|JQ705137.1|;JQ705137;16567;5.23E-97;368;199;199;100;199;0;199;0;9606;Homo sapiens;primates;human;Eukaryota;Chordata;Mammalia;Primates;Hominidae;Homo;Homo sapiens
42056;ASV_0552;199;gi|350282885|gb|JN655799.1|;JN655799;16568;5.23E-97;368;199;199;100;199;0;199;0;9606;Homo sapiens;primates;human;Eukaryota;Chordata;Mammalia;Primates;Hominidae;Homo;Homo sapiens
42057;ASV_0552;199;gi|197254247|gb|FJ147321.1|;FJ147321;16569;5.23E-97;368;199;199;100;199;0;199;0;9606;Homo sapiens;primates;human;Eukaryota;Chordata;Mammalia;Primates;Hominidae;Homo;Homo sapiens
42058;ASV_0552;199;gi|262343536|gb|GU122995.1|;GU122995;16568;5.23E-97;368;199;199;100;199;0;199;0;9606;Homo sapiens;primates;human;Eukaryota;Chordata;Mammalia;Primates;Hominidae;Homo;Homo sapiens
42059;ASV_0552;199;gi|222053086|dbj|AP011058.1|;AP011058;16563;5.23E-97;368;199;199;100;199;0;199;0;9606;Homo sapiens;primates;human;Eukaryota;Chordata;Mammalia;Primates;Hominidae;Homo;Homo sapiens
42060;ASV_0552;199;gi|222052302|dbj|AP011002.1|;AP011002;16563;5.23E-97;368;199;199;100;199;0;199;0;9606;Homo sapiens;primates;human;Eukaryota;Chordata;Mammalia;Primates;Hominidae;Homo;Homo sapiens
42061;ASV_0552;199;gi|189179590|dbj|AP009471.1|;AP009471;16562;5.23E-97;368;199;199;100;199;0;199;0;9606;Homo sapiens;primates;human;Eukaryota;Chordata;Mammalia;Primates;Hominidae;Homo;Homo sapiens
42062;ASV_0552;199;gi|189179212|dbj|AP009444.1|;AP009444;16561;5.23E-97;368;199;199;100;199;0;199;0;9606;Homo sapiens;primates;human;Eukaryota;Chordata;Mammalia;Primates;Hominidae;Homo;Homo sapiens
42063;ASV_0552;199;gi|171453431|dbj|AP010735.1|;AP010735;16564;5.23E-97;368;199;199;100;199;0;199;0;9606;Homo sapiens;primates;human;Eukaryota;Chordata;Mammalia;Primates;Hominidae;Homo;Homo sapiens
42064;ASV_0552;199;gi|171453403|dbj|AP010733.1|;AP010733;16563;5.23E-97;368;199;199;100;199;0;199;0;9606;Homo sapiens;primates;human;Eukaryota;Chordata;Mammalia;Primates;Hominidae;Homo;Homo sapiens
42065;ASV_0552;199;gi|119035418|gb|EF153814.1|;EF153814;16567;5.23E-97;368;199;199;100;199;0;199;0;9606;Homo sapiens;primates;human;Eukaryota;Chordata;Mammalia;Primates;Hominidae;Homo;Homo sapiens
42066;ASV_0552;199;gi|134303155|gb|EF495214.1|;EF495214;16571;5.23E-97;368;199;199;100;199;0;199;0;9606;Homo sapiens;primates;human;Eukaryota;Chordata;Mammalia;Primates;Hominidae;Homo;Homo sapiens
42067;ASV_0552;199;gi|84682628|gb|DQ341079.1|;DQ341079;16568;5.23E-97;368;199;199;100;199;0;199;0;9606;Homo sapiens;primates;human;Eukaryota;Chordata;Mammalia;Primates;Hominidae;Homo;Homo sapiens
42068;ASV_0552;199;gi|51450868|gb|AY714017.1|;AY714017;16567;5.23E-97;368;199;199;100;199;0;199;0;9606;Homo sapiens;primates;human;Eukaryota;Chordata;Mammalia;Primates;Hominidae;Homo;Homo sapiens
42069;ASV_0552;199;gi|61288310|dbj|AP008917.1|;AP008917;16561;5.23E-97;368;199;199;100;199;0;199;0;9606;Homo sapiens;primates;human;Eukaryota;Chordata;Mammalia;Primates;Hominidae;Homo;Homo sapiens
42070;ASV_0552;199;gi|61288287|dbj|AP008904.1|;AP008904;16562;5.23E-97;368;199;199;100;199;0;199;0;9606;Homo sapiens;primates;human;Eukaryota;Chordata;Mammalia;Primates;Hominidae;Homo;Homo sapiens
42071;ASV_0552;199;gi|61288281|dbj|AP008900.1|;AP008900;16561;5.23E-97;368;199;199;100;199;0;199;0;9606;Homo sapiens;primates;human;Eukaryota;Chordata;Mammalia;Primates;Hominidae;Homo;Homo sapiens
42072;ASV_0552;199;gi|61288277|dbj|AP008898.1|;AP008898;16562;5.23E-97;368;199;199;100;199;0;199;0;9606;Homo sapiens;primates;human;Eukaryota;Chordata;Mammalia;Primates;Hominidae;Homo;Homo sapiens
42073;ASV_0552;199;gi|61288191|dbj|AP008848.1|;AP008848;16562;5.23E-97;368;199;199;100;199;0;199;0;9606;Homo sapiens;primates;human;Eukaryota;Chordata;Mammalia;Primates;Hominidae;Homo;Homo sapiens
42074;ASV_0552;199;gi|61288102|dbj|AP008793.1|;AP008793;16561;5.23E-97;368;199;199;100;199;0;199;0;9606;Homo sapiens;primates;human;Eukaryota;Chordata;Mammalia;Primates;Hominidae;Homo;Homo sapiens
42075;ASV_0552;199;gi|61287882|dbj|AP008665.1|;AP008665;16563;5.23E-97;368;199;199;100;199;0;199;0;9606;Homo sapiens;primates;human;Eukaryota;Chordata;Mammalia;Primates;Hominidae;Homo;Homo sapiens
42076;ASV_0552;199;gi|61287865|dbj|AP008654.1|;AP008654;16563;5.23E-97;368;199;199;100;199;0;199;0;9606;Homo sapiens;primates;human;Eukaryota;Chordata;Mammalia;Primates;Hominidae;Homo;Homo sapiens
42077;ASV_0552;199;gi|61287775|dbj|AP008601.1|;AP008601;16562;5.23E-97;368;199;199;100;199;0;199;0;9606;Homo sapiens;primates;human;Eukaryota;Chordata;Mammalia;Primates;Hominidae;Homo;Homo sapiens
42078;ASV_0552;199;gi|61287763|dbj|AP008594.1|;AP008594;16560;5.23E-97;368;199;199;100;199;0;199;0;9606;Homo sapiens;primates;human;Eukaryota;Chordata;Mammalia;Primates;Hominidae;Homo;Homo sapiens
42079;ASV_0552;199;gi|61287629|dbj|AP008512.1|;AP008512;16563;5.23E-97;368;199;199;100;199;0;199;0;9606;Homo sapiens;primates;human;Eukaryota;Chordata;Mammalia;Primates;Hominidae;Homo;Homo sapiens
42080;ASV_0552;199;gi|61287378|dbj|AP008355.1|;AP008355;16562;5.23E-97;368;199;199;100;199;0;199;0;9606;Homo sapiens;primates;human;Eukaryota;Chordata;Mammalia;Primates;Hominidae;Homo;Homo sapiens
42081;ASV_0552;199;gi|61287363|dbj|AP008346.1|;AP008346;16562;5.23E-97;368;199;199;100;199;0;199;0;9606;Homo sapiens;primates;human;Eukaryota;Chordata;Mammalia;Primates;Hominidae;Homo;Homo sapiens
42082;ASV_0552;199;gi|61287346|dbj|AP008335.1|;AP008335;16560;5.23E-97;368;199;199;100;199;0;199;0;9606;Homo sapiens;primates;human;Eukaryota;Chordata;Mammalia;Primates;Hominidae;Homo;Homo sapiens
42083;ASV_0552;199;gi|61287330|dbj|AP008325.1|;AP008325;16562;5.23E-97;368;199;199;100;199;0;199;0;9606;Homo sapiens;primates;human;Eukaryota;Chordata;Mammalia;Primates;Hominidae;Homo;Homo sapiens
42084;ASV_0552;199;gi|70955770|gb|DQ112718.2|;DQ112718;15583;5.23E-97;368;199;199;100;199;0;199;0;9606;Homo sapiens;primates;human;Eukaryota;Chordata;Mammalia;Primates;Hominidae;Homo;Homo sapiens
42085;ASV_0552;199;gi|3047403|gb|AF058292.1|;AF058292;566;5.23E-97;368;199;199;100;199;0;199;0;9606;Homo sapiens;primates;human;Eukaryota;Chordata;Mammalia;Primates;Hominidae;Homo;Homo sapiens
42086;ASV_0552;199;gi|3057022964|gb|PV741063.1|;PV741063;16569;2.43E-95;363;196;199;99.497;198;1;198;0;9606;Homo sapiens;primates;human;Eukaryota;Chordata;Mammalia;Primates;Hominidae;Homo;Homo sapiens
42087;ASV_0552;199;gi|3057022963|gb|PV741062.1|;PV741062;16569;2.43E-95;363;196;199;99.497;198;1;198;0;9606;Homo sapiens;primates;human;Eukaryota;Chordata;Mammalia;Primates;Hominidae;Homo;Homo sapiens
42088;ASV_0552;199;gi|3057022962|gb|PV741061.1|;PV741061;16569;2.43E-95;363;196;199;99.497;198;1;198;0;9606;Homo sapiens;primates;human;Eukaryota;Chordata;Mammalia;Primates;Hominidae;Homo;Homo sapiens
42089;ASV_0552;199;gi|3057022961|gb|PV741060.1|;PV741060;16569;2.43E-95;363;196;199;99.497;198;1;198;0;9606;Homo sapiens;primates;human;Eukaryota;Chordata;Mammalia;Primates;Hominidae;Homo;Homo sapiens
42090;ASV_0552;199;gi|3057022960|gb|PV741059.1|;PV741059;16569;2.43E-95;363;196;199;99.497;198;1;198;0;9606;Homo sapiens;primates;human;Eukaryota;Chordata;Mammalia;Primates;Hominidae;Homo;Homo sapiens
42091;ASV_0552;199;gi|3057022959|gb|PV741058.1|;PV741058;16569;2.43E-95;363;196;199;99.497;198;1;198;0;9606;Homo sapiens;primates;human;Eukaryota;Chordata;Mammalia;Primates;Hominidae;Homo;Homo sapiens
42092;ASV_0552;199;gi|3057022958|gb|PV741057.1|;PV741057;16569;2.43E-95;363;196;199;99.497;198;1;198;0;9606;Homo sapiens;primates;human;Eukaryota;Chordata;Mammalia;Primates;Hominidae;Homo;Homo sapiens
42093;ASV_0552;199;gi|3057022957|gb|PV741056.1|;PV741056;16569;2.43E-95;363;196;199;99.497;198;1;198;0;9606;Homo sapiens;primates;human;Eukaryota;Chordata;Mammalia;Primates;Hominidae;Homo;Homo sapiens
42094;ASV_0552;199;gi|3057022956|gb|PV741055.1|;PV741055;16569;2.43E-95;363;196;199;99.497;198;1;198;0;9606;Homo sapiens;primates;human;Eukaryota;Chordata;Mammalia;Primates;Hominidae;Homo;Homo sapiens
42095;ASV_0552;199;gi|3057022955|gb|PV741054.1|;PV741054;16569;2.43E-95;363;196;199;99.497;198;1;198;0;9606;Homo sapiens;primates;human;Eukaryota;Chordata;Mammalia;Primates;Hominidae;Homo;Homo sapiens
42096;ASV_0552;199;gi|3057022954|gb|PV741053.1|;PV741053;16569;2.43E-95;363;196;199;99.497;198;1;198;0;9606;Homo sapiens;primates;human;Eukaryota;Chordata;Mammalia;Primates;Hominidae;Homo;Homo sapiens
42097;ASV_0552;199;gi|3057022953|gb|PV741052.1|;PV741052;16569;2.43E-95;363;196;199;99.497;198;1;198;0;9606;Homo sapiens;primates;human;Eukaryota;Chordata;Mammalia;Primates;Hominidae;Homo;Homo sapiens
42098;ASV_0552;199;gi|3057022952|gb|PV741051.1|;PV741051;16569;2.43E-95;363;196;199;99.497;198;1;198;0;9606;Homo sapiens;primates;human;Eukaryota;Chordata;Mammalia;Primates;Hominidae;Homo;Homo sapiens
42099;ASV_0552;199;gi|3057022951|gb|PV741050.1|;PV741050;16569;2.43E-95;363;196;199;99.497;198;1;198;0;9606;Homo sapiens;primates;human;Eukaryota;Chordata;Mammalia;Primates;Hominidae;Homo;Homo sapiens
42100;ASV_0552;199;gi|3057022950|gb|PV741049.1|;PV741049;16569;2.43E-95;363;196;199;99.497;198;1;198;0;9606;Homo sapiens;primates;human;Eukaryota;Chordata;Mammalia;Primates;Hominidae;Homo;Homo sapiens
42101;ASV_0552;199;gi|3057022949|gb|PV741048.1|;PV741048;16569;2.43E-95;363;196;199;99.497;198;1;198;0;9606;Homo sapiens;primates;human;Eukaryota;Chordata;Mammalia;Primates;Hominidae;Homo;Homo sapiens
42102;ASV_0552;199;gi|3057022948|gb|PV741047.1|;PV741047;16569;2.43E-95;363;196;199;99.497;198;1;198;0;9606;Homo sapiens;primates;human;Eukaryota;Chordata;Mammalia;Primates;Hominidae;Homo;Homo sapiens
42103;ASV_0552;199;gi|3057022947|gb|PV741046.1|;PV741046;16569;2.43E-95;363;196;199;99.497;198;1;198;0;9606;Homo sapiens;primates;human;Eukaryota;Chordata;Mammalia;Primates;Hominidae;Homo;Homo sapiens
42104;ASV_0552;199;gi|3057022946|gb|PV741045.1|;PV741045;16569;2.43E-95;363;196;199;99.497;198;1;198;0;9606;Homo sapiens;primates;human;Eukaryota;Chordata;Mammalia;Primates;Hominidae;Homo;Homo sapiens
42105;ASV_0552;199;gi|3057022945|gb|PV741044.1|;PV741044;16569;2.43E-95;363;196;199;99.497;198;1;198;0;9606;Homo sapiens;primates;human;Eukaryota;Chordata;Mammalia;Primates;Hominidae;Homo;Homo sapiens
42106;ASV_0552;199;gi|3057022944|gb|PV741043.1|;PV741043;16569;2.43E-95;363;196;199;99.497;198;1;198;0;9606;Homo sapiens;primates;human;Eukaryota;Chordata;Mammalia;Primates;Hominidae;Homo;Homo sapiens
42107;ASV_0552;199;gi|3057022943|gb|PV741042.1|;PV741042;16569;2.43E-95;363;196;199;99.497;198;1;198;0;9606;Homo sapiens;primates;human;Eukaryota;Chordata;Mammalia;Primates;Hominidae;Homo;Homo sapiens
42108;ASV_0552;199;gi|3057022942|gb|PV741041.1|;PV741041;16569;2.43E-95;363;196;199;99.497;198;1;198;0;9606;Homo sapiens;primates;human;Eukaryota;Chordata;Mammalia;Primates;Hominidae;Homo;Homo sapiens
42109;ASV_0552;199;gi|3057022941|gb|PV741040.1|;PV741040;16569;2.43E-95;363;196;199;99.497;198;1;198;0;9606;Homo sapiens;primates;human;Eukaryota;Chordata;Mammalia;Primates;Hominidae;Homo;Homo sapiens
42110;ASV_0552;199;gi|3057022940|gb|PV741039.1|;PV741039;16569;2.43E-95;363;196;199;99.497;198;1;198;0;9606;Homo sapiens;primates;human;Eukaryota;Chordata;Mammalia;Primates;Hominidae;Homo;Homo sapiens
42111;ASV_0552;199;gi|3057022939|gb|PV741038.1|;PV741038;16569;2.43E-95;363;196;199;99.497;198;1;198;0;9606;Homo sapiens;primates;human;Eukaryota;Chordata;Mammalia;Primates;Hominidae;Homo;Homo sapiens
42112;ASV_0552;199;gi|3057022938|gb|PV741037.1|;PV741037;16569;2.43E-95;363;196;199;99.497;198;1;198;0;9606;Homo sapiens;primates;human;Eukaryota;Chordata;Mammalia;Primates;Hominidae;Homo;Homo sapiens
42113;ASV_0552;199;gi|3057022937|gb|PV741036.1|;PV741036;16569;2.43E-95;363;196;199;99.497;198;1;198;0;9606;Homo sapiens;primates;human;Eukaryota;Chordata;Mammalia;Primates;Hominidae;Homo;Homo sapiens
42114;ASV_0552;199;gi|3057022936|gb|PV741035.1|;PV741035;16569;2.43E-95;363;196;199;99.497;198;1;198;0;9606;Homo sapiens;primates;human;Eukaryota;Chordata;Mammalia;Primates;Hominidae;Homo;Homo sapiens
42115;ASV_0552;199;gi|3057022935|gb|PV741034.1|;PV741034;16569;2.43E-95;363;196;199;99.497;198;1;198;0;9606;Homo sapiens;primates;human;Eukaryota;Chordata;Mammalia;Primates;Hominidae;Homo;Homo sapiens
42116;ASV_0552;199;gi|3057022934|gb|PV741033.1|;PV741033;16569;2.43E-95;363;196;199;99.497;198;1;198;0;9606;Homo sapiens;primates;human;Eukaryota;Chordata;Mammalia;Primates;Hominidae;Homo;Homo sapiens
42117;ASV_0552;199;gi|3057022933|gb|PV741032.1|;PV741032;16569;2.43E-95;363;196;199;99.497;198;1;198;0;9606;Homo sapiens;primates;human;Eukaryota;Chordata;Mammalia;Primates;Hominidae;Homo;Homo sapiens
42118;ASV_0552;199;gi|3057022932|gb|PV741031.1|;PV741031;16569;2.43E-95;363;196;199;99.497;198;1;198;0;9606;Homo sapiens;primates;human;Eukaryota;Chordata;Mammalia;Primates;Hominidae;Homo;Homo sapiens
42119;ASV_0552;199;gi|3057022931|gb|PV741030.1|;PV741030;16569;2.43E-95;363;196;199;99.497;198;1;198;0;9606;Homo sapiens;primates;human;Eukaryota;Chordata;Mammalia;Primates;Hominidae;Homo;Homo sapiens
42120;ASV_0552;199;gi|3057022930|gb|PV741029.1|;PV741029;16569;2.43E-95;363;196;199;99.497;198;1;198;0;9606;Homo sapiens;primates;human;Eukaryota;Chordata;Mammalia;Primates;Hominidae;Homo;Homo sapiens
42121;ASV_0552;199;gi|3057022929|gb|PV741028.1|;PV741028;16569;2.43E-95;363;196;199;99.497;198;1;198;0;9606;Homo sapiens;primates;human;Eukaryota;Chordata;Mammalia;Primates;Hominidae;Homo;Homo sapiens
42122;ASV_0552;199;gi|3057022928|gb|PV741027.1|;PV741027;16569;2.43E-95;363;196;199;99.497;198;1;198;0;9606;Homo sapiens;primates;human;Eukaryota;Chordata;Mammalia;Primates;Hominidae;Homo;Homo sapiens
42123;ASV_0552;199;gi|3057022927|gb|PV741026.1|;PV741026;16569;2.43E-95;363;196;199;99.497;198;1;198;0;9606;Homo sapiens;primates;human;Eukaryota;Chordata;Mammalia;Primates;Hominidae;Homo;Homo sapiens
42124;ASV_0552;199;gi|3057022926|gb|PV741025.1|;PV741025;16569;2.43E-95;363;196;199;99.497;198;1;198;0;9606;Homo sapiens;primates;human;Eukaryota;Chordata;Mammalia;Primates;Hominidae;Homo;Homo sapiens
42125;ASV_0552;199;gi|3057022925|gb|PV741024.1|;PV741024;16569;2.43E-95;363;196;199;99.497;198;1;198;0;9606;Homo sapiens;primates;human;Eukaryota;Chordata;Mammalia;Primates;Hominidae;Homo;Homo sapiens
42126;ASV_0552;199;gi|3057022924|gb|PV741023.1|;PV741023;16569;2.43E-95;363;196;199;99.497;198;1;198;0;9606;Homo sapiens;primates;human;Eukaryota;Chordata;Mammalia;Primates;Hominidae;Homo;Homo sapiens
42127;ASV_0552;199;gi|3057022923|gb|PV741022.1|;PV741022;16569;2.43E-95;363;196;199;99.497;198;1;198;0;9606;Homo sapiens;primates;human;Eukaryota;Chordata;Mammalia;Primates;Hominidae;Homo;Homo sapiens
42128;ASV_0552;199;gi|3057022922|gb|PV741021.1|;PV741021;16569;2.43E-95;363;196;199;99.497;198;1;198;0;9606;Homo sapiens;primates;human;Eukaryota;Chordata;Mammalia;Primates;Hominidae;Homo;Homo sapiens
42129;ASV_0552;199;gi|3057022921|gb|PV741020.1|;PV741020;16569;2.43E-95;363;196;199;99.497;198;1;198;0;9606;Homo sapiens;primates;human;Eukaryota;Chordata;Mammalia;Primates;Hominidae;Homo;Homo sapiens
42130;ASV_0552;199;gi|3057022920|gb|PV741019.1|;PV741019;16569;2.43E-95;363;196;199;99.497;198;1;198;0;9606;Homo sapiens;primates;human;Eukaryota;Chordata;Mammalia;Primates;Hominidae;Homo;Homo sapiens
42131;ASV_0552;199;gi|3057022919|gb|PV741018.1|;PV741018;16569;2.43E-95;363;196;199;99.497;198;1;198;0;9606;Homo sapiens;primates;human;Eukaryota;Chordata;Mammalia;Primates;Hominidae;Homo;Homo sapiens
42132;ASV_0552;199;gi|3057022918|gb|PV741017.1|;PV741017;16569;2.43E-95;363;196;199;99.497;198;1;198;0;9606;Homo sapiens;primates;human;Eukaryota;Chordata;Mammalia;Primates;Hominidae;Homo;Homo sapiens
42133;ASV_0552;199;gi|3057022917|gb|PV741016.1|;PV741016;16569;2.43E-95;363;196;199;99.497;198;1;198;0;9606;Homo sapiens;primates;human;Eukaryota;Chordata;Mammalia;Primates;Hominidae;Homo;Homo sapiens
42134;ASV_0552;199;gi|3057022916|gb|PV741015.1|;PV741015;16569;2.43E-95;363;196;199;99.497;198;1;198;0;9606;Homo sapiens;primates;human;Eukaryota;Chordata;Mammalia;Primates;Hominidae;Homo;Homo sapiens
42135;ASV_0552;199;gi|3057022915|gb|PV741014.1|;PV741014;16569;2.43E-95;363;196;199;99.497;198;1;198;0;9606;Homo sapiens;primates;human;Eukaryota;Chordata;Mammalia;Primates;Hominidae;Homo;Homo sapiens
42136;ASV_0552;199;gi|3057022914|gb|PV741013.1|;PV741013;16569;2.43E-95;363;196;199;99.497;198;1;198;0;9606;Homo sapiens;primates;human;Eukaryota;Chordata;Mammalia;Primates;Hominidae;Homo;Homo sapiens
42137;ASV_0552;199;gi|3057022913|gb|PV741012.1|;PV741012;16569;2.43E-95;363;196;199;99.497;198;1;198;0;9606;Homo sapiens;primates;human;Eukaryota;Chordata;Mammalia;Primates;Hominidae;Homo;Homo sapiens
42138;ASV_0552;199;gi|3057022912|gb|PV741011.1|;PV741011;16569;2.43E-95;363;196;199;99.497;198;1;198;0;9606;Homo sapiens;primates;human;Eukaryota;Chordata;Mammalia;Primates;Hominidae;Homo;Homo sapiens
42139;ASV_0552;199;gi|3057022911|gb|PV741010.1|;PV741010;16569;2.43E-95;363;196;199;99.497;198;1;198;0;9606;Homo sapiens;primates;human;Eukaryota;Chordata;Mammalia;Primates;Hominidae;Homo;Homo sapiens
42140;ASV_0552;199;gi|3057022910|gb|PV741009.1|;PV741009;16569;2.43E-95;363;196;199;99.497;198;1;198;0;9606;Homo sapiens;primates;human;Eukaryota;Chordata;Mammalia;Primates;Hominidae;Homo;Homo sapiens
42141;ASV_0552;199;gi|3057022909|gb|PV741008.1|;PV741008;16569;2.43E-95;363;196;199;99.497;198;1;198;0;9606;Homo sapiens;primates;human;Eukaryota;Chordata;Mammalia;Primates;Hominidae;Homo;Homo sapiens
42142;ASV_0552;199;gi|3057022908|gb|PV741007.1|;PV741007;16569;2.43E-95;363;196;199;99.497;198;1;198;0;9606;Homo sapiens;primates;human;Eukaryota;Chordata;Mammalia;Primates;Hominidae;Homo;Homo sapiens
42143;ASV_0552;199;gi|3057022907|gb|PV741006.1|;PV741006;16569;2.43E-95;363;196;199;99.497;198;1;198;0;9606;Homo sapiens;primates;human;Eukaryota;Chordata;Mammalia;Primates;Hominidae;Homo;Homo sapiens
42144;ASV_0552;199;gi|3057022906|gb|PV741005.1|;PV741005;16569;2.43E-95;363;196;199;99.497;198;1;198;0;9606;Homo sapiens;primates;human;Eukaryota;Chordata;Mammalia;Primates;Hominidae;Homo;Homo sapiens
42145;ASV_0552;199;gi|3057022905|gb|PV741004.1|;PV741004;16569;2.43E-95;363;196;199;99.497;198;1;198;0;9606;Homo sapiens;primates;human;Eukaryota;Chordata;Mammalia;Primates;Hominidae;Homo;Homo sapiens
42146;ASV_0552;199;gi|3057022904|gb|PV741003.1|;PV741003;16569;2.43E-95;363;196;199;99.497;198;1;198;0;9606;Homo sapiens;primates;human;Eukaryota;Chordata;Mammalia;Primates;Hominidae;Homo;Homo sapiens
42147;ASV_0552;199;gi|3057022903|gb|PV741002.1|;PV741002;16569;2.43E-95;363;196;199;99.497;198;1;198;0;9606;Homo sapiens;primates;human;Eukaryota;Chordata;Mammalia;Primates;Hominidae;Homo;Homo sapiens
42148;ASV_0552;199;gi|3057022902|gb|PV741001.1|;PV741001;16569;2.43E-95;363;196;199;99.497;198;1;198;0;9606;Homo sapiens;primates;human;Eukaryota;Chordata;Mammalia;Primates;Hominidae;Homo;Homo sapiens
42149;ASV_0552;199;gi|3057022901|gb|PV741000.1|;PV741000;16569;2.43E-95;363;196;199;99.497;198;1;198;0;9606;Homo sapiens;primates;human;Eukaryota;Chordata;Mammalia;Primates;Hominidae;Homo;Homo sapiens
42150;ASV_0552;199;gi|3057022900|gb|PV740999.1|;PV740999;16569;2.43E-95;363;196;199;99.497;198;1;198;0;9606;Homo sapiens;primates;human;Eukaryota;Chordata;Mammalia;Primates;Hominidae;Homo;Homo sapiens
42151;ASV_0552;199;gi|3057022899|gb|PV740998.1|;PV740998;16569;2.43E-95;363;196;199;99.497;198;1;198;0;9606;Homo sapiens;primates;human;Eukaryota;Chordata;Mammalia;Primates;Hominidae;Homo;Homo sapiens
42152;ASV_0552;199;gi|3057022898|gb|PV740997.1|;PV740997;16569;2.43E-95;363;196;199;99.497;198;1;198;0;9606;Homo sapiens;primates;human;Eukaryota;Chordata;Mammalia;Primates;Hominidae;Homo;Homo sapiens
42153;ASV_0552;199;gi|3057022897|gb|PV740996.1|;PV740996;16569;2.43E-95;363;196;199;99.497;198;1;198;0;9606;Homo sapiens;primates;human;Eukaryota;Chordata;Mammalia;Primates;Hominidae;Homo;Homo sapiens
42154;ASV_0552;199;gi|3057022896|gb|PV740995.1|;PV740995;16569;2.43E-95;363;196;199;99.497;198;1;198;0;9606;Homo sapiens;primates;human;Eukaryota;Chordata;Mammalia;Primates;Hominidae;Homo;Homo sapiens
42155;ASV_0552;199;gi|3057022895|gb|PV740994.1|;PV740994;16569;2.43E-95;363;196;199;99.497;198;1;198;0;9606;Homo sapiens;primates;human;Eukaryota;Chordata;Mammalia;Primates;Hominidae;Homo;Homo sapiens
42156;ASV_0552;199;gi|3057022894|gb|PV740993.1|;PV740993;16569;2.43E-95;363;196;199;99.497;198;1;198;0;9606;Homo sapiens;primates;human;Eukaryota;Chordata;Mammalia;Primates;Hominidae;Homo;Homo sapiens
42157;ASV_0552;199;gi|3057022893|gb|PV740992.1|;PV740992;16569;2.43E-95;363;196;199;99.497;198;1;198;0;9606;Homo sapiens;primates;human;Eukaryota;Chordata;Mammalia;Primates;Hominidae;Homo;Homo sapiens
42158;ASV_0552;199;gi|3057022892|gb|PV740991.1|;PV740991;16569;2.43E-95;363;196;199;99.497;198;1;198;0;9606;Homo sapiens;primates;human;Eukaryota;Chordata;Mammalia;Primates;Hominidae;Homo;Homo sapiens
42159;ASV_0552;199;gi|3057022891|gb|PV740990.1|;PV740990;16569;2.43E-95;363;196;199;99.497;198;1;198;0;9606;Homo sapiens;primates;human;Eukaryota;Chordata;Mammalia;Primates;Hominidae;Homo;Homo sapiens
42160;ASV_0552;199;gi|3057022890|gb|PV740989.1|;PV740989;16569;2.43E-95;363;196;199;99.497;198;1;198;0;9606;Homo sapiens;primates;human;Eukaryota;Chordata;Mammalia;Primates;Hominidae;Homo;Homo sapiens
42161;ASV_0552;199;gi|3057022889|gb|PV740988.1|;PV740988;16569;2.43E-95;363;196;199;99.497;198;1;198;0;9606;Homo sapiens;primates;human;Eukaryota;Chordata;Mammalia;Primates;Hominidae;Homo;Homo sapiens
42162;ASV_0552;199;gi|3057022888|gb|PV740987.1|;PV740987;16569;2.43E-95;363;196;199;99.497;198;1;198;0;9606;Homo sapiens;primates;human;Eukaryota;Chordata;Mammalia;Primates;Hominidae;Homo;Homo sapiens
42163;ASV_0552;199;gi|3057022887|gb|PV740986.1|;PV740986;16569;2.43E-95;363;196;199;99.497;198;1;198;0;9606;Homo sapiens;primates;human;Eukaryota;Chordata;Mammalia;Primates;Hominidae;Homo;Homo sapiens
42164;ASV_0552;199;gi|3057022886|gb|PV740985.1|;PV740985;16569;2.43E-95;363;196;199;99.497;198;1;198;0;9606;Homo sapiens;primates;human;Eukaryota;Chordata;Mammalia;Primates;Hominidae;Homo;Homo sapiens
42165;ASV_0552;199;gi|3057022885|gb|PV740984.1|;PV740984;16569;2.43E-95;363;196;199;99.497;198;1;198;0;9606;Homo sapiens;primates;human;Eukaryota;Chordata;Mammalia;Primates;Hominidae;Homo;Homo sapiens
42166;ASV_0552;199;gi|3057022884|gb|PV740983.1|;PV740983;16569;2.43E-95;363;196;199;99.497;198;1;198;0;9606;Homo sapiens;primates;human;Eukaryota;Chordata;Mammalia;Primates;Hominidae;Homo;Homo sapiens
42167;ASV_0552;199;gi|3057022883|gb|PV740982.1|;PV740982;16569;2.43E-95;363;196;199;99.497;198;1;198;0;9606;Homo sapiens;primates;human;Eukaryota;Chordata;Mammalia;Primates;Hominidae;Homo;Homo sapiens
42168;ASV_0552;199;gi|3057022882|gb|PV740981.1|;PV740981;16569;2.43E-95;363;196;199;99.497;198;1;198;0;9606;Homo sapiens;primates;human;Eukaryota;Chordata;Mammalia;Primates;Hominidae;Homo;Homo sapiens
42169;ASV_0552;199;gi|3057022881|gb|PV740980.1|;PV740980;16569;2.43E-95;363;196;199;99.497;198;1;198;0;9606;Homo sapiens;primates;human;Eukaryota;Chordata;Mammalia;Primates;Hominidae;Homo;Homo sapiens
42170;ASV_0552;199;gi|3057022880|gb|PV740979.1|;PV740979;16569;2.43E-95;363;196;199;99.497;198;1;198;0;9606;Homo sapiens;primates;human;Eukaryota;Chordata;Mammalia;Primates;Hominidae;Homo;Homo sapiens
42171;ASV_0552;199;gi|3057022879|gb|PV740978.1|;PV740978;16569;2.43E-95;363;196;199;99.497;198;1;198;0;9606;Homo sapiens;primates;human;Eukaryota;Chordata;Mammalia;Primates;Hominidae;Homo;Homo sapiens
42172;ASV_0552;199;gi|3057022878|gb|PV740977.1|;PV740977;16569;2.43E-95;363;196;199;99.497;198;1;198;0;9606;Homo sapiens;primates;human;Eukaryota;Chordata;Mammalia;Primates;Hominidae;Homo;Homo sapiens
42173;ASV_0552;199;gi|3057022877|gb|PV740976.1|;PV740976;16569;2.43E-95;363;196;199;99.497;198;1;198;0;9606;Homo sapiens;primates;human;Eukaryota;Chordata;Mammalia;Primates;Hominidae;Homo;Homo sapiens
42174;ASV_0552;199;gi|3057022876|gb|PV740975.1|;PV740975;16569;2.43E-95;363;196;199;99.497;198;1;198;0;9606;Homo sapiens;primates;human;Eukaryota;Chordata;Mammalia;Primates;Hominidae;Homo;Homo sapiens
42175;ASV_0552;199;gi|3057022875|gb|PV740974.1|;PV740974;16569;2.43E-95;363;196;199;99.497;198;1;198;0;9606;Homo sapiens;primates;human;Eukaryota;Chordata;Mammalia;Primates;Hominidae;Homo;Homo sapiens
42176;ASV_0552;199;gi|3057022874|gb|PV740973.1|;PV740973;16569;2.43E-95;363;196;199;99.497;198;1;198;0;9606;Homo sapiens;primates;human;Eukaryota;Chordata;Mammalia;Primates;Hominidae;Homo;Homo sapiens
42177;ASV_0552;199;gi|3057022873|gb|PV740972.1|;PV740972;16569;2.43E-95;363;196;199;99.497;198;1;198;0;9606;Homo sapiens;primates;human;Eukaryota;Chordata;Mammalia;Primates;Hominidae;Homo;Homo sapiens
42178;ASV_0552;199;gi|3057022872|gb|PV740971.1|;PV740971;16569;2.43E-95;363;196;199;99.497;198;1;198;0;9606;Homo sapiens;primates;human;Eukaryota;Chordata;Mammalia;Primates;Hominidae;Homo;Homo sapiens
42179;ASV_0552;199;gi|3057022871|gb|PV740970.1|;PV740970;16569;2.43E-95;363;196;199;99.497;198;1;198;0;9606;Homo sapiens;primates;human;Eukaryota;Chordata;Mammalia;Primates;Hominidae;Homo;Homo sapiens
42180;ASV_0552;199;gi|3057022870|gb|PV740969.1|;PV740969;16569;2.43E-95;363;196;199;99.497;198;1;198;0;9606;Homo sapiens;primates;human;Eukaryota;Chordata;Mammalia;Primates;Hominidae;Homo;Homo sapiens
42181;ASV_0552;199;gi|3057022869|gb|PV740968.1|;PV740968;16569;2.43E-95;363;196;199;99.497;198;1;198;0;9606;Homo sapiens;primates;human;Eukaryota;Chordata;Mammalia;Primates;Hominidae;Homo;Homo sapiens
42182;ASV_0552;199;gi|3057022868|gb|PV740967.1|;PV740967;16569;2.43E-95;363;196;199;99.497;198;1;198;0;9606;Homo sapiens;primates;human;Eukaryota;Chordata;Mammalia;Primates;Hominidae;Homo;Homo sapiens
42183;ASV_0552;199;gi|3057022867|gb|PV740966.1|;PV740966;16569;2.43E-95;363;196;199;99.497;198;1;198;0;9606;Homo sapiens;primates;human;Eukaryota;Chordata;Mammalia;Primates;Hominidae;Homo;Homo sapiens
42184;ASV_0552;199;gi|3057022866|gb|PV740965.1|;PV740965;16569;2.43E-95;363;196;199;99.497;198;1;198;0;9606;Homo sapiens;primates;human;Eukaryota;Chordata;Mammalia;Primates;Hominidae;Homo;Homo sapiens
42185;ASV_0552;199;gi|3057022865|gb|PV740964.1|;PV740964;16569;2.43E-95;363;196;199;99.497;198;1;198;0;9606;Homo sapiens;primates;human;Eukaryota;Chordata;Mammalia;Primates;Hominidae;Homo;Homo sapiens
42186;ASV_0552;199;gi|3057022864|gb|PV740963.1|;PV740963;16569;2.43E-95;363;196;199;99.497;198;1;198;0;9606;Homo sapiens;primates;human;Eukaryota;Chordata;Mammalia;Primates;Hominidae;Homo;Homo sapiens
42187;ASV_0552;199;gi|3057022863|gb|PV740962.1|;PV740962;16569;2.43E-95;363;196;199;99.497;198;1;198;0;9606;Homo sapiens;primates;human;Eukaryota;Chordata;Mammalia;Primates;Hominidae;Homo;Homo sapiens
42188;ASV_0552;199;gi|3057022862|gb|PV740961.1|;PV740961;16569;2.43E-95;363;196;199;99.497;198;1;198;0;9606;Homo sapiens;primates;human;Eukaryota;Chordata;Mammalia;Primates;Hominidae;Homo;Homo sapiens
42189;ASV_0552;199;gi|3057022861|gb|PV740960.1|;PV740960;16569;2.43E-95;363;196;199;99.497;198;1;198;0;9606;Homo sapiens;primates;human;Eukaryota;Chordata;Mammalia;Primates;Hominidae;Homo;Homo sapiens
42190;ASV_0552;199;gi|3057022860|gb|PV740959.1|;PV740959;16569;2.43E-95;363;196;199;99.497;198;1;198;0;9606;Homo sapiens;primates;human;Eukaryota;Chordata;Mammalia;Primates;Hominidae;Homo;Homo sapiens
42191;ASV_0552;199;gi|3057022859|gb|PV740958.1|;PV740958;16569;2.43E-95;363;196;199;99.497;198;1;198;0;9606;Homo sapiens;primates;human;Eukaryota;Chordata;Mammalia;Primates;Hominidae;Homo;Homo sapiens
42192;ASV_0552;199;gi|3057022858|gb|PV740957.1|;PV740957;16569;2.43E-95;363;196;199;99.497;198;1;198;0;9606;Homo sapiens;primates;human;Eukaryota;Chordata;Mammalia;Primates;Hominidae;Homo;Homo sapiens
42193;ASV_0552;199;gi|3057022857|gb|PV740956.1|;PV740956;16569;2.43E-95;363;196;199;99.497;198;1;198;0;9606;Homo sapiens;primates;human;Eukaryota;Chordata;Mammalia;Primates;Hominidae;Homo;Homo sapiens
42194;ASV_0552;199;gi|3057022856|gb|PV740955.1|;PV740955;16569;2.43E-95;363;196;199;99.497;198;1;198;0;9606;Homo sapiens;primates;human;Eukaryota;Chordata;Mammalia;Primates;Hominidae;Homo;Homo sapiens
42195;ASV_0552;199;gi|3057022855|gb|PV740954.1|;PV740954;16569;2.43E-95;363;196;199;99.497;198;1;198;0;9606;Homo sapiens;primates;human;Eukaryota;Chordata;Mammalia;Primates;Hominidae;Homo;Homo sapiens
42196;ASV_0552;199;gi|3057022854|gb|PV740953.1|;PV740953;16569;2.43E-95;363;196;199;99.497;198;1;198;0;9606;Homo sapiens;primates;human;Eukaryota;Chordata;Mammalia;Primates;Hominidae;Homo;Homo sapiens
42197;ASV_0552;199;gi|3057022853|gb|PV740952.1|;PV740952;16569;2.43E-95;363;196;199;99.497;198;1;198;0;9606;Homo sapiens;primates;human;Eukaryota;Chordata;Mammalia;Primates;Hominidae;Homo;Homo sapiens
42198;ASV_0552;199;gi|3057022852|gb|PV740951.1|;PV740951;16569;2.43E-95;363;196;199;99.497;198;1;198;0;9606;Homo sapiens;primates;human;Eukaryota;Chordata;Mammalia;Primates;Hominidae;Homo;Homo sapiens
42199;ASV_0552;199;gi|3057022851|gb|PV740950.1|;PV740950;16569;2.43E-95;363;196;199;99.497;198;1;198;0;9606;Homo sapiens;primates;human;Eukaryota;Chordata;Mammalia;Primates;Hominidae;Homo;Homo sapiens
42200;ASV_0552;199;gi|3057022850|gb|PV740949.1|;PV740949;16569;2.43E-95;363;196;199;99.497;198;1;198;0;9606;Homo sapiens;primates;human;Eukaryota;Chordata;Mammalia;Primates;Hominidae;Homo;Homo sapiens
42201;ASV_0552;199;gi|3057022849|gb|PV740948.1|;PV740948;16569;2.43E-95;363;196;199;99.497;198;1;198;0;9606;Homo sapiens;primates;human;Eukaryota;Chordata;Mammalia;Primates;Hominidae;Homo;Homo sapiens
42202;ASV_0552;199;gi|3057022848|gb|PV740947.1|;PV740947;16569;2.43E-95;363;196;199;99.497;198;1;198;0;9606;Homo sapiens;primates;human;Eukaryota;Chordata;Mammalia;Primates;Hominidae;Homo;Homo sapiens
42203;ASV_0552;199;gi|3057022847|gb|PV740946.1|;PV740946;16569;2.43E-95;363;196;199;99.497;198;1;198;0;9606;Homo sapiens;primates;human;Eukaryota;Chordata;Mammalia;Primates;Hominidae;Homo;Homo sapiens
42204;ASV_0552;199;gi|3057022846|gb|PV740945.1|;PV740945;16569;2.43E-95;363;196;199;99.497;198;1;198;0;9606;Homo sapiens;primates;human;Eukaryota;Chordata;Mammalia;Primates;Hominidae;Homo;Homo sapiens
42205;ASV_0552;199;gi|3057022845|gb|PV740944.1|;PV740944;16569;2.43E-95;363;196;199;99.497;198;1;198;0;9606;Homo sapiens;primates;human;Eukaryota;Chordata;Mammalia;Primates;Hominidae;Homo;Homo sapiens
42206;ASV_0552;199;gi|3057022844|gb|PV740943.1|;PV740943;16569;2.43E-95;363;196;199;99.497;198;1;198;0;9606;Homo sapiens;primates;human;Eukaryota;Chordata;Mammalia;Primates;Hominidae;Homo;Homo sapiens
42207;ASV_0552;199;gi|3057022843|gb|PV740942.1|;PV740942;16569;2.43E-95;363;196;199;99.497;198;1;198;0;9606;Homo sapiens;primates;human;Eukaryota;Chordata;Mammalia;Primates;Hominidae;Homo;Homo sapiens
42208;ASV_0552;199;gi|3057022842|gb|PV740941.1|;PV740941;16569;2.43E-95;363;196;199;99.497;198;1;198;0;9606;Homo sapiens;primates;human;Eukaryota;Chordata;Mammalia;Primates;Hominidae;Homo;Homo sapiens
42209;ASV_0552;199;gi|3057022841|gb|PV740940.1|;PV740940;16569;2.43E-95;363;196;199;99.497;198;1;198;0;9606;Homo sapiens;primates;human;Eukaryota;Chordata;Mammalia;Primates;Hominidae;Homo;Homo sapiens
42210;ASV_0552;199;gi|3057022840|gb|PV740939.1|;PV740939;16569;2.43E-95;363;196;199;99.497;198;1;198;0;9606;Homo sapiens;primates;human;Eukaryota;Chordata;Mammalia;Primates;Hominidae;Homo;Homo sapiens
42211;ASV_0552;199;gi|3057022839|gb|PV740938.1|;PV740938;16569;2.43E-95;363;196;199;99.497;198;1;198;0;9606;Homo sapiens;primates;human;Eukaryota;Chordata;Mammalia;Primates;Hominidae;Homo;Homo sapiens
42212;ASV_0552;199;gi|3057022838|gb|PV740937.1|;PV740937;16569;2.43E-95;363;196;199;99.497;198;1;198;0;9606;Homo sapiens;primates;human;Eukaryota;Chordata;Mammalia;Primates;Hominidae;Homo;Homo sapiens
42213;ASV_0552;199;gi|3057022837|gb|PV740936.1|;PV740936;16569;2.43E-95;363;196;199;99.497;198;1;198;0;9606;Homo sapiens;primates;human;Eukaryota;Chordata;Mammalia;Primates;Hominidae;Homo;Homo sapiens
42214;ASV_0552;199;gi|3057022836|gb|PV740935.1|;PV740935;16569;2.43E-95;363;196;199;99.497;198;1;198;0;9606;Homo sapiens;primates;human;Eukaryota;Chordata;Mammalia;Primates;Hominidae;Homo;Homo sapiens
42215;ASV_0552;199;gi|3057022835|gb|PV740934.1|;PV740934;16569;2.43E-95;363;196;199;99.497;198;1;198;0;9606;Homo sapiens;primates;human;Eukaryota;Chordata;Mammalia;Primates;Hominidae;Homo;Homo sapiens
42216;ASV_0552;199;gi|3057022834|gb|PV740933.1|;PV740933;16569;2.43E-95;363;196;199;99.497;198;1;198;0;9606;Homo sapiens;primates;human;Eukaryota;Chordata;Mammalia;Primates;Hominidae;Homo;Homo sapiens
42217;ASV_0552;199;gi|3057022833|gb|PV740932.1|;PV740932;16569;2.43E-95;363;196;199;99.497;198;1;198;0;9606;Homo sapiens;primates;human;Eukaryota;Chordata;Mammalia;Primates;Hominidae;Homo;Homo sapiens
42218;ASV_0552;199;gi|3057022832|gb|PV740931.1|;PV740931;16569;2.43E-95;363;196;199;99.497;198;1;198;0;9606;Homo sapiens;primates;human;Eukaryota;Chordata;Mammalia;Primates;Hominidae;Homo;Homo sapiens
42219;ASV_0552;199;gi|3057022831|gb|PV740930.1|;PV740930;16569;2.43E-95;363;196;199;99.497;198;1;198;0;9606;Homo sapiens;primates;human;Eukaryota;Chordata;Mammalia;Primates;Hominidae;Homo;Homo sapiens
42220;ASV_0552;199;gi|3057022830|gb|PV740929.1|;PV740929;16569;2.43E-95;363;196;199;99.497;198;1;198;0;9606;Homo sapiens;primates;human;Eukaryota;Chordata;Mammalia;Primates;Hominidae;Homo;Homo sapiens
42221;ASV_0552;199;gi|3057022829|gb|PV740928.1|;PV740928;16569;2.43E-95;363;196;199;99.497;198;1;198;0;9606;Homo sapiens;primates;human;Eukaryota;Chordata;Mammalia;Primates;Hominidae;Homo;Homo sapiens
42222;ASV_0552;199;gi|3057022828|gb|PV740927.1|;PV740927;16569;2.43E-95;363;196;199;99.497;198;1;198;0;9606;Homo sapiens;primates;human;Eukaryota;Chordata;Mammalia;Primates;Hominidae;Homo;Homo sapiens
42223;ASV_0552;199;gi|3057022827|gb|PV740926.1|;PV740926;16569;2.43E-95;363;196;199;99.497;198;1;198;0;9606;Homo sapiens;primates;human;Eukaryota;Chordata;Mammalia;Primates;Hominidae;Homo;Homo sapiens
42224;ASV_0552;199;gi|3057022826|gb|PV740925.1|;PV740925;16569;2.43E-95;363;196;199;99.497;198;1;198;0;9606;Homo sapiens;primates;human;Eukaryota;Chordata;Mammalia;Primates;Hominidae;Homo;Homo sapiens
42225;ASV_0552;199;gi|3057022825|gb|PV740924.1|;PV740924;16569;2.43E-95;363;196;199;99.497;198;1;198;0;9606;Homo sapiens;primates;human;Eukaryota;Chordata;Mammalia;Primates;Hominidae;Homo;Homo sapiens
42226;ASV_0552;199;gi|3057022824|gb|PV740923.1|;PV740923;16569;2.43E-95;363;196;199;99.497;198;1;198;0;9606;Homo sapiens;primates;human;Eukaryota;Chordata;Mammalia;Primates;Hominidae;Homo;Homo sapiens
42227;ASV_0552;199;gi|3057022823|gb|PV740922.1|;PV740922;16569;2.43E-95;363;196;199;99.497;198;1;198;0;9606;Homo sapiens;primates;human;Eukaryota;Chordata;Mammalia;Primates;Hominidae;Homo;Homo sapiens
42228;ASV_0552;199;gi|3057022822|gb|PV740921.1|;PV740921;16569;2.43E-95;363;196;199;99.497;198;1;198;0;9606;Homo sapiens;primates;human;Eukaryota;Chordata;Mammalia;Primates;Hominidae;Homo;Homo sapiens
42229;ASV_0552;199;gi|3057022821|gb|PV740920.1|;PV740920;16569;2.43E-95;363;196;199;99.497;198;1;198;0;9606;Homo sapiens;primates;human;Eukaryota;Chordata;Mammalia;Primates;Hominidae;Homo;Homo sapiens
42230;ASV_0552;199;gi|3057022820|gb|PV740919.1|;PV740919;16569;2.43E-95;363;196;199;99.497;198;1;198;0;9606;Homo sapiens;primates;human;Eukaryota;Chordata;Mammalia;Primates;Hominidae;Homo;Homo sapiens
42231;ASV_0552;199;gi|3057022819|gb|PV740918.1|;PV740918;16569;2.43E-95;363;196;199;99.497;198;1;198;0;9606;Homo sapiens;primates;human;Eukaryota;Chordata;Mammalia;Primates;Hominidae;Homo;Homo sapiens
42232;ASV_0552;199;gi|3057022818|gb|PV740917.1|;PV740917;16569;2.43E-95;363;196;199;99.497;198;1;198;0;9606;Homo sapiens;primates;human;Eukaryota;Chordata;Mammalia;Primates;Hominidae;Homo;Homo sapiens
42233;ASV_0552;199;gi|3057022817|gb|PV740916.1|;PV740916;16569;2.43E-95;363;196;199;99.497;198;1;198;0;9606;Homo sapiens;primates;human;Eukaryota;Chordata;Mammalia;Primates;Hominidae;Homo;Homo sapiens
42234;ASV_0552;199;gi|3057022816|gb|PV740915.1|;PV740915;16569;2.43E-95;363;196;199;99.497;198;1;198;0;9606;Homo sapiens;primates;human;Eukaryota;Chordata;Mammalia;Primates;Hominidae;Homo;Homo sapiens
42235;ASV_0552;199;gi|3057022815|gb|PV740914.1|;PV740914;16569;2.43E-95;363;196;199;99.497;198;1;198;0;9606;Homo sapiens;primates;human;Eukaryota;Chordata;Mammalia;Primates;Hominidae;Homo;Homo sapiens
42236;ASV_0552;199;gi|3057022814|gb|PV740913.1|;PV740913;16569;2.43E-95;363;196;199;99.497;198;1;198;0;9606;Homo sapiens;primates;human;Eukaryota;Chordata;Mammalia;Primates;Hominidae;Homo;Homo sapiens
42237;ASV_0552;199;gi|3057022813|gb|PV740912.1|;PV740912;16569;2.43E-95;363;196;199;99.497;198;1;198;0;9606;Homo sapiens;primates;human;Eukaryota;Chordata;Mammalia;Primates;Hominidae;Homo;Homo sapiens
42238;ASV_0552;199;gi|3057022812|gb|PV740911.1|;PV740911;16569;2.43E-95;363;196;199;99.497;198;1;198;0;9606;Homo sapiens;primates;human;Eukaryota;Chordata;Mammalia;Primates;Hominidae;Homo;Homo sapiens
42239;ASV_0552;199;gi|3057022811|gb|PV740910.1|;PV740910;16569;2.43E-95;363;196;199;99.497;198;1;198;0;9606;Homo sapiens;primates;human;Eukaryota;Chordata;Mammalia;Primates;Hominidae;Homo;Homo sapiens
42240;ASV_0552;199;gi|3057022810|gb|PV740909.1|;PV740909;16569;2.43E-95;363;196;199;99.497;198;1;198;0;9606;Homo sapiens;primates;human;Eukaryota;Chordata;Mammalia;Primates;Hominidae;Homo;Homo sapiens
42241;ASV_0552;199;gi|3057022809|gb|PV740908.1|;PV740908;16569;2.43E-95;363;196;199;99.497;198;1;198;0;9606;Homo sapiens;primates;human;Eukaryota;Chordata;Mammalia;Primates;Hominidae;Homo;Homo sapiens
42242;ASV_0552;199;gi|3057022808|gb|PV740907.1|;PV740907;16569;2.43E-95;363;196;199;99.497;198;1;198;0;9606;Homo sapiens;primates;human;Eukaryota;Chordata;Mammalia;Primates;Hominidae;Homo;Homo sapiens
42243;ASV_0552;199;gi|3057022807|gb|PV740906.1|;PV740906;16569;2.43E-95;363;196;199;99.497;198;1;198;0;9606;Homo sapiens;primates;human;Eukaryota;Chordata;Mammalia;Primates;Hominidae;Homo;Homo sapiens
42244;ASV_0552;199;gi|3057022806|gb|PV740905.1|;PV740905;16569;2.43E-95;363;196;199;99.497;198;1;198;0;9606;Homo sapiens;primates;human;Eukaryota;Chordata;Mammalia;Primates;Hominidae;Homo;Homo sapiens
42245;ASV_0552;199;gi|3057022805|gb|PV740904.1|;PV740904;16569;2.43E-95;363;196;199;99.497;198;1;198;0;9606;Homo sapiens;primates;human;Eukaryota;Chordata;Mammalia;Primates;Hominidae;Homo;Homo sapiens
42246;ASV_0552;199;gi|3057022804|gb|PV740903.1|;PV740903;16569;2.43E-95;363;196;199;99.497;198;1;198;0;9606;Homo sapiens;primates;human;Eukaryota;Chordata;Mammalia;Primates;Hominidae;Homo;Homo sapiens
42247;ASV_0552;199;gi|3057022803|gb|PV740902.1|;PV740902;16569;2.43E-95;363;196;199;99.497;198;1;198;0;9606;Homo sapiens;primates;human;Eukaryota;Chordata;Mammalia;Primates;Hominidae;Homo;Homo sapiens
42248;ASV_0552;199;gi|3057022802|gb|PV740901.1|;PV740901;16569;2.43E-95;363;196;199;99.497;198;1;198;0;9606;Homo sapiens;primates;human;Eukaryota;Chordata;Mammalia;Primates;Hominidae;Homo;Homo sapiens
42249;ASV_0552;199;gi|3057022801|gb|PV740900.1|;PV740900;16569;2.43E-95;363;196;199;99.497;198;1;198;0;9606;Homo sapiens;primates;human;Eukaryota;Chordata;Mammalia;Primates;Hominidae;Homo;Homo sapiens
42250;ASV_0552;199;gi|3057022800|gb|PV740899.1|;PV740899;16569;2.43E-95;363;196;199;99.497;198;1;198;0;9606;Homo sapiens;primates;human;Eukaryota;Chordata;Mammalia;Primates;Hominidae;Homo;Homo sapiens
42251;ASV_0552;199;gi|3057022799|gb|PV740898.1|;PV740898;16569;2.43E-95;363;196;199;99.497;198;1;198;0;9606;Homo sapiens;primates;human;Eukaryota;Chordata;Mammalia;Primates;Hominidae;Homo;Homo sapiens
42252;ASV_0552;199;gi|3057022798|gb|PV740897.1|;PV740897;16569;2.43E-95;363;196;199;99.497;198;1;198;0;9606;Homo sapiens;primates;human;Eukaryota;Chordata;Mammalia;Primates;Hominidae;Homo;Homo sapiens
42253;ASV_0552;199;gi|3057022797|gb|PV740896.1|;PV740896;16569;2.43E-95;363;196;199;99.497;198;1;198;0;9606;Homo sapiens;primates;human;Eukaryota;Chordata;Mammalia;Primates;Hominidae;Homo;Homo sapiens
42254;ASV_0552;199;gi|3057022796|gb|PV740895.1|;PV740895;16569;2.43E-95;363;196;199;99.497;198;1;198;0;9606;Homo sapiens;primates;human;Eukaryota;Chordata;Mammalia;Primates;Hominidae;Homo;Homo sapiens
42255;ASV_0552;199;gi|3057022795|gb|PV740894.1|;PV740894;16569;2.43E-95;363;196;199;99.497;198;1;198;0;9606;Homo sapiens;primates;human;Eukaryota;Chordata;Mammalia;Primates;Hominidae;Homo;Homo sapiens
42256;ASV_0552;199;gi|3057022794|gb|PV740893.1|;PV740893;16569;2.43E-95;363;196;199;99.497;198;1;198;0;9606;Homo sapiens;primates;human;Eukaryota;Chordata;Mammalia;Primates;Hominidae;Homo;Homo sapiens
42257;ASV_0552;199;gi|3057022793|gb|PV740892.1|;PV740892;16569;2.43E-95;363;196;199;99.497;198;1;198;0;9606;Homo sapiens;primates;human;Eukaryota;Chordata;Mammalia;Primates;Hominidae;Homo;Homo sapiens
42258;ASV_0552;199;gi|3057022792|gb|PV740891.1|;PV740891;16569;2.43E-95;363;196;199;99.497;198;1;198;0;9606;Homo sapiens;primates;human;Eukaryota;Chordata;Mammalia;Primates;Hominidae;Homo;Homo sapiens
42259;ASV_0552;199;gi|3057022791|gb|PV740890.1|;PV740890;16569;2.43E-95;363;196;199;99.497;198;1;198;0;9606;Homo sapiens;primates;human;Eukaryota;Chordata;Mammalia;Primates;Hominidae;Homo;Homo sapiens
42260;ASV_0552;199;gi|3057022790|gb|PV740889.1|;PV740889;16569;2.43E-95;363;196;199;99.497;198;1;198;0;9606;Homo sapiens;primates;human;Eukaryota;Chordata;Mammalia;Primates;Hominidae;Homo;Homo sapiens
42261;ASV_0552;199;gi|3057022789|gb|PV740888.1|;PV740888;16569;2.43E-95;363;196;199;99.497;198;1;198;0;9606;Homo sapiens;primates;human;Eukaryota;Chordata;Mammalia;Primates;Hominidae;Homo;Homo sapiens
42262;ASV_0552;199;gi|3057022788|gb|PV740887.1|;PV740887;16569;2.43E-95;363;196;199;99.497;198;1;198;0;9606;Homo sapiens;primates;human;Eukaryota;Chordata;Mammalia;Primates;Hominidae;Homo;Homo sapiens
42263;ASV_0552;199;gi|3057022787|gb|PV740886.1|;PV740886;16569;2.43E-95;363;196;199;99.497;198;1;198;0;9606;Homo sapiens;primates;human;Eukaryota;Chordata;Mammalia;Primates;Hominidae;Homo;Homo sapiens
42264;ASV_0552;199;gi|3057022786|gb|PV740885.1|;PV740885;16569;2.43E-95;363;196;199;99.497;198;1;198;0;9606;Homo sapiens;primates;human;Eukaryota;Chordata;Mammalia;Primates;Hominidae;Homo;Homo sapiens
42265;ASV_0552;199;gi|3057022785|gb|PV740884.1|;PV740884;16569;2.43E-95;363;196;199;99.497;198;1;198;0;9606;Homo sapiens;primates;human;Eukaryota;Chordata;Mammalia;Primates;Hominidae;Homo;Homo sapiens
42266;ASV_0552;199;gi|3057022784|gb|PV740883.1|;PV740883;16569;2.43E-95;363;196;199;99.497;198;1;198;0;9606;Homo sapiens;primates;human;Eukaryota;Chordata;Mammalia;Primates;Hominidae;Homo;Homo sapiens
42267;ASV_0552;199;gi|3057022783|gb|PV740882.1|;PV740882;16569;2.43E-95;363;196;199;99.497;198;1;198;0;9606;Homo sapiens;primates;human;Eukaryota;Chordata;Mammalia;Primates;Hominidae;Homo;Homo sapiens
42268;ASV_0552;199;gi|3057022782|gb|PV740881.1|;PV740881;16569;2.43E-95;363;196;199;99.497;198;1;198;0;9606;Homo sapiens;primates;human;Eukaryota;Chordata;Mammalia;Primates;Hominidae;Homo;Homo sapiens
42269;ASV_0552;199;gi|3057022781|gb|PV740880.1|;PV740880;16569;2.43E-95;363;196;199;99.497;198;1;198;0;9606;Homo sapiens;primates;human;Eukaryota;Chordata;Mammalia;Primates;Hominidae;Homo;Homo sapiens
42270;ASV_0552;199;gi|3057022780|gb|PV740879.1|;PV740879;16569;2.43E-95;363;196;199;99.497;198;1;198;0;9606;Homo sapiens;primates;human;Eukaryota;Chordata;Mammalia;Primates;Hominidae;Homo;Homo sapiens
42271;ASV_0552;199;gi|3057022779|gb|PV740878.1|;PV740878;16569;2.43E-95;363;196;199;99.497;198;1;198;0;9606;Homo sapiens;primates;human;Eukaryota;Chordata;Mammalia;Primates;Hominidae;Homo;Homo sapiens
42272;ASV_0552;199;gi|3057022778|gb|PV740877.1|;PV740877;16569;2.43E-95;363;196;199;99.497;198;1;198;0;9606;Homo sapiens;primates;human;Eukaryota;Chordata;Mammalia;Primates;Hominidae;Homo;Homo sapiens
42273;ASV_0552;199;gi|3057022776|gb|PV740875.1|;PV740875;16569;2.43E-95;363;196;199;99.497;198;1;198;0;9606;Homo sapiens;primates;human;Eukaryota;Chordata;Mammalia;Primates;Hominidae;Homo;Homo sapiens
42274;ASV_0552;199;gi|3057022775|gb|PV740874.1|;PV740874;16569;2.43E-95;363;196;199;99.497;198;1;198;0;9606;Homo sapiens;primates;human;Eukaryota;Chordata;Mammalia;Primates;Hominidae;Homo;Homo sapiens
42275;ASV_0552;199;gi|3057022774|gb|PV740873.1|;PV740873;16569;2.43E-95;363;196;199;99.497;198;1;198;0;9606;Homo sapiens;primates;human;Eukaryota;Chordata;Mammalia;Primates;Hominidae;Homo;Homo sapiens
42276;ASV_0552;199;gi|3057022773|gb|PV740872.1|;PV740872;16569;2.43E-95;363;196;199;99.497;198;1;198;0;9606;Homo sapiens;primates;human;Eukaryota;Chordata;Mammalia;Primates;Hominidae;Homo;Homo sapiens
42277;ASV_0552;199;gi|3057022772|gb|PV740871.1|;PV740871;16569;2.43E-95;363;196;199;99.497;198;1;198;0;9606;Homo sapiens;primates;human;Eukaryota;Chordata;Mammalia;Primates;Hominidae;Homo;Homo sapiens
42278;ASV_0552;199;gi|3057022771|gb|PV740870.1|;PV740870;16569;2.43E-95;363;196;199;99.497;198;1;198;0;9606;Homo sapiens;primates;human;Eukaryota;Chordata;Mammalia;Primates;Hominidae;Homo;Homo sapiens
42279;ASV_0552;199;gi|3057022770|gb|PV740869.1|;PV740869;16569;2.43E-95;363;196;199;99.497;198;1;198;0;9606;Homo sapiens;primates;human;Eukaryota;Chordata;Mammalia;Primates;Hominidae;Homo;Homo sapiens
42280;ASV_0552;199;gi|3057022769|gb|PV740868.1|;PV740868;16569;2.43E-95;363;196;199;99.497;198;1;198;0;9606;Homo sapiens;primates;human;Eukaryota;Chordata;Mammalia;Primates;Hominidae;Homo;Homo sapiens
42281;ASV_0552;199;gi|3057022768|gb|PV740867.1|;PV740867;16569;2.43E-95;363;196;199;99.497;198;1;198;0;9606;Homo sapiens;primates;human;Eukaryota;Chordata;Mammalia;Primates;Hominidae;Homo;Homo sapiens
42282;ASV_0552;199;gi|3057022766|gb|PV740865.1|;PV740865;16569;2.43E-95;363;196;199;99.497;198;1;198;0;9606;Homo sapiens;primates;human;Eukaryota;Chordata;Mammalia;Primates;Hominidae;Homo;Homo sapiens
42283;ASV_0552;199;gi|3057022765|gb|PV740864.1|;PV740864;16569;2.43E-95;363;196;199;99.497;198;1;198;0;9606;Homo sapiens;primates;human;Eukaryota;Chordata;Mammalia;Primates;Hominidae;Homo;Homo sapiens
42284;ASV_0552;199;gi|3057022764|gb|PV740863.1|;PV740863;16569;2.43E-95;363;196;199;99.497;198;1;198;0;9606;Homo sapiens;primates;human;Eukaryota;Chordata;Mammalia;Primates;Hominidae;Homo;Homo sapiens
42285;ASV_0552;199;gi|3057022763|gb|PV740862.1|;PV740862;16569;2.43E-95;363;196;199;99.497;198;1;198;0;9606;Homo sapiens;primates;human;Eukaryota;Chordata;Mammalia;Primates;Hominidae;Homo;Homo sapiens
42286;ASV_0552;199;gi|3057022762|gb|PV740861.1|;PV740861;16569;2.43E-95;363;196;199;99.497;198;1;198;0;9606;Homo sapiens;primates;human;Eukaryota;Chordata;Mammalia;Primates;Hominidae;Homo;Homo sapiens
42287;ASV_0552;199;gi|3057022761|gb|PV740860.1|;PV740860;16569;2.43E-95;363;196;199;99.497;198;1;198;0;9606;Homo sapiens;primates;human;Eukaryota;Chordata;Mammalia;Primates;Hominidae;Homo;Homo sapiens
42288;ASV_0552;199;gi|3057022760|gb|PV740859.1|;PV740859;16569;2.43E-95;363;196;199;99.497;198;1;198;0;9606;Homo sapiens;primates;human;Eukaryota;Chordata;Mammalia;Primates;Hominidae;Homo;Homo sapiens
42289;ASV_0552;199;gi|3057022759|gb|PV740858.1|;PV740858;16569;2.43E-95;363;196;199;99.497;198;1;198;0;9606;Homo sapiens;primates;human;Eukaryota;Chordata;Mammalia;Primates;Hominidae;Homo;Homo sapiens
42290;ASV_0552;199;gi|3057022758|gb|PV740857.1|;PV740857;16569;2.43E-95;363;196;199;99.497;198;1;198;0;9606;Homo sapiens;primates;human;Eukaryota;Chordata;Mammalia;Primates;Hominidae;Homo;Homo sapiens
42291;ASV_0552;199;gi|3057022757|gb|PV740856.1|;PV740856;16569;2.43E-95;363;196;199;99.497;198;1;198;0;9606;Homo sapiens;primates;human;Eukaryota;Chordata;Mammalia;Primates;Hominidae;Homo;Homo sapiens
42292;ASV_0552;199;gi|3057022756|gb|PV740855.1|;PV740855;16569;2.43E-95;363;196;199;99.497;198;1;198;0;9606;Homo sapiens;primates;human;Eukaryota;Chordata;Mammalia;Primates;Hominidae;Homo;Homo sapiens
42293;ASV_0552;199;gi|3057022755|gb|PV740854.1|;PV740854;16569;2.43E-95;363;196;199;99.497;198;1;198;0;9606;Homo sapiens;primates;human;Eukaryota;Chordata;Mammalia;Primates;Hominidae;Homo;Homo sapiens
42294;ASV_0552;199;gi|3057022754|gb|PV740853.1|;PV740853;16569;2.43E-95;363;196;199;99.497;198;1;198;0;9606;Homo sapiens;primates;human;Eukaryota;Chordata;Mammalia;Primates;Hominidae;Homo;Homo sapiens
42295;ASV_0552;199;gi|3057022753|gb|PV740852.1|;PV740852;16569;2.43E-95;363;196;199;99.497;198;1;198;0;9606;Homo sapiens;primates;human;Eukaryota;Chordata;Mammalia;Primates;Hominidae;Homo;Homo sapiens
42296;ASV_0552;199;gi|3057022752|gb|PV740851.1|;PV740851;16569;2.43E-95;363;196;199;99.497;198;1;198;0;9606;Homo sapiens;primates;human;Eukaryota;Chordata;Mammalia;Primates;Hominidae;Homo;Homo sapiens
42297;ASV_0552;199;gi|3057022751|gb|PV740850.1|;PV740850;16569;2.43E-95;363;196;199;99.497;198;1;198;0;9606;Homo sapiens;primates;human;Eukaryota;Chordata;Mammalia;Primates;Hominidae;Homo;Homo sapiens
42298;ASV_0552;199;gi|3057022750|gb|PV740849.1|;PV740849;16569;2.43E-95;363;196;199;99.497;198;1;198;0;9606;Homo sapiens;primates;human;Eukaryota;Chordata;Mammalia;Primates;Hominidae;Homo;Homo sapiens
42299;ASV_0552;199;gi|3057022749|gb|PV740848.1|;PV740848;16569;2.43E-95;363;196;199;99.497;198;1;198;0;9606;Homo sapiens;primates;human;Eukaryota;Chordata;Mammalia;Primates;Hominidae;Homo;Homo sapiens
42300;ASV_0552;199;gi|3057022748|gb|PV740847.1|;PV740847;16569;2.43E-95;363;196;199;99.497;198;1;198;0;9606;Homo sapiens;primates;human;Eukaryota;Chordata;Mammalia;Primates;Hominidae;Homo;Homo sapiens
42301;ASV_0552;199;gi|3057022747|gb|PV740846.1|;PV740846;16569;2.43E-95;363;196;199;99.497;198;1;198;0;9606;Homo sapiens;primates;human;Eukaryota;Chordata;Mammalia;Primates;Hominidae;Homo;Homo sapiens
42302;ASV_0552;199;gi|3057022746|gb|PV740845.1|;PV740845;16569;2.43E-95;363;196;199;99.497;198;1;198;0;9606;Homo sapiens;primates;human;Eukaryota;Chordata;Mammalia;Primates;Hominidae;Homo;Homo sapiens
42303;ASV_0552;199;gi|3057022745|gb|PV740844.1|;PV740844;16569;2.43E-95;363;196;199;99.497;198;1;198;0;9606;Homo sapiens;primates;human;Eukaryota;Chordata;Mammalia;Primates;Hominidae;Homo;Homo sapiens
42304;ASV_0552;199;gi|3057022744|gb|PV740843.1|;PV740843;16569;2.43E-95;363;196;199;99.497;198;1;198;0;9606;Homo sapiens;primates;human;Eukaryota;Chordata;Mammalia;Primates;Hominidae;Homo;Homo sapiens
42305;ASV_0552;199;gi|3057022743|gb|PV740842.1|;PV740842;16569;2.43E-95;363;196;199;99.497;198;1;198;0;9606;Homo sapiens;primates;human;Eukaryota;Chordata;Mammalia;Primates;Hominidae;Homo;Homo sapiens
42306;ASV_0552;199;gi|3057022742|gb|PV740841.1|;PV740841;16569;2.43E-95;363;196;199;99.497;198;1;198;0;9606;Homo sapiens;primates;human;Eukaryota;Chordata;Mammalia;Primates;Hominidae;Homo;Homo sapiens
42307;ASV_0552;199;gi|3057022741|gb|PV740840.1|;PV740840;16569;2.43E-95;363;196;199;99.497;198;1;198;0;9606;Homo sapiens;primates;human;Eukaryota;Chordata;Mammalia;Primates;Hominidae;Homo;Homo sapiens
42308;ASV_0552;199;gi|3057022740|gb|PV740839.1|;PV740839;16569;2.43E-95;363;196;199;99.497;198;1;198;0;9606;Homo sapiens;primates;human;Eukaryota;Chordata;Mammalia;Primates;Hominidae;Homo;Homo sapiens
42309;ASV_0552;199;gi|3057022739|gb|PV740838.1|;PV740838;16569;2.43E-95;363;196;199;99.497;198;1;198;0;9606;Homo sapiens;primates;human;Eukaryota;Chordata;Mammalia;Primates;Hominidae;Homo;Homo sapiens
42310;ASV_0552;199;gi|3057022738|gb|PV740837.1|;PV740837;16569;2.43E-95;363;196;199;99.497;198;1;198;0;9606;Homo sapiens;primates;human;Eukaryota;Chordata;Mammalia;Primates;Hominidae;Homo;Homo sapiens
42311;ASV_0552;199;gi|3057022737|gb|PV740836.1|;PV740836;16569;2.43E-95;363;196;199;99.497;198;1;198;0;9606;Homo sapiens;primates;human;Eukaryota;Chordata;Mammalia;Primates;Hominidae;Homo;Homo sapiens
42312;ASV_0552;199;gi|3057022736|gb|PV740835.1|;PV740835;16569;2.43E-95;363;196;199;99.497;198;1;198;0;9606;Homo sapiens;primates;human;Eukaryota;Chordata;Mammalia;Primates;Hominidae;Homo;Homo sapiens
42313;ASV_0552;199;gi|3057022735|gb|PV740834.1|;PV740834;16569;2.43E-95;363;196;199;99.497;198;1;198;0;9606;Homo sapiens;primates;human;Eukaryota;Chordata;Mammalia;Primates;Hominidae;Homo;Homo sapiens
42314;ASV_0552;199;gi|3057022734|gb|PV740833.1|;PV740833;16569;2.43E-95;363;196;199;99.497;198;1;198;0;9606;Homo sapiens;primates;human;Eukaryota;Chordata;Mammalia;Primates;Hominidae;Homo;Homo sapiens
42315;ASV_0552;199;gi|3057022733|gb|PV740832.1|;PV740832;16569;2.43E-95;363;196;199;99.497;198;1;198;0;9606;Homo sapiens;primates;human;Eukaryota;Chordata;Mammalia;Primates;Hominidae;Homo;Homo sapiens
42316;ASV_0552;199;gi|3057022732|gb|PV740831.1|;PV740831;16569;2.43E-95;363;196;199;99.497;198;1;198;0;9606;Homo sapiens;primates;human;Eukaryota;Chordata;Mammalia;Primates;Hominidae;Homo;Homo sapiens
42317;ASV_0552;199;gi|3057022731|gb|PV740830.1|;PV740830;16569;2.43E-95;363;196;199;99.497;198;1;198;0;9606;Homo sapiens;primates;human;Eukaryota;Chordata;Mammalia;Primates;Hominidae;Homo;Homo sapiens
42318;ASV_0552;199;gi|3057019854|gb|PQ835409.1|;PQ835409;16568;2.43E-95;363;196;199;99.497;198;1;198;0;9606;Homo sapiens;primates;human;Eukaryota;Chordata;Mammalia;Primates;Hominidae;Homo;Homo sapiens
42319;ASV_0552;199;gi|3057019853|gb|PQ835408.1|;PQ835408;16570;2.43E-95;363;196;199;99.497;198;1;198;0;9606;Homo sapiens;primates;human;Eukaryota;Chordata;Mammalia;Primates;Hominidae;Homo;Homo sapiens
42320;ASV_0552;199;gi|3057019852|gb|PQ835407.1|;PQ835407;16567;2.43E-95;363;196;199;99.497;198;1;198;0;9606;Homo sapiens;primates;human;Eukaryota;Chordata;Mammalia;Primates;Hominidae;Homo;Homo sapiens
42321;ASV_0552;199;gi|3057019851|gb|PQ835406.1|;PQ835406;16568;2.43E-95;363;196;199;99.497;198;1;198;0;9606;Homo sapiens;primates;human;Eukaryota;Chordata;Mammalia;Primates;Hominidae;Homo;Homo sapiens
42322;ASV_0552;199;gi|3057019850|gb|PQ835405.1|;PQ835405;16568;2.43E-95;363;196;199;99.497;198;1;198;0;9606;Homo sapiens;primates;human;Eukaryota;Chordata;Mammalia;Primates;Hominidae;Homo;Homo sapiens
42323;ASV_0552;199;gi|3057019849|gb|PQ835404.1|;PQ835404;16569;2.43E-95;363;196;199;99.497;198;1;198;0;9606;Homo sapiens;primates;human;Eukaryota;Chordata;Mammalia;Primates;Hominidae;Homo;Homo sapiens
42324;ASV_0552;199;gi|3057019848|gb|PQ835403.1|;PQ835403;16570;2.43E-95;363;196;199;99.497;198;1;198;0;9606;Homo sapiens;primates;human;Eukaryota;Chordata;Mammalia;Primates;Hominidae;Homo;Homo sapiens
42325;ASV_0552;199;gi|3057019847|gb|PQ835402.1|;PQ835402;16568;2.43E-95;363;196;199;99.497;198;1;198;0;9606;Homo sapiens;primates;human;Eukaryota;Chordata;Mammalia;Primates;Hominidae;Homo;Homo sapiens
42326;ASV_0552;199;gi|3057019846|gb|PQ835401.1|;PQ835401;16570;2.43E-95;363;196;199;99.497;198;1;198;0;9606;Homo sapiens;primates;human;Eukaryota;Chordata;Mammalia;Primates;Hominidae;Homo;Homo sapiens
42327;ASV_0552;199;gi|3057019845|gb|PQ835400.1|;PQ835400;16568;2.43E-95;363;196;199;99.497;198;1;198;0;9606;Homo sapiens;primates;human;Eukaryota;Chordata;Mammalia;Primates;Hominidae;Homo;Homo sapiens
42328;ASV_0552;199;gi|3057019844|gb|PQ835399.1|;PQ835399;16568;2.43E-95;363;196;199;99.497;198;1;198;0;9606;Homo sapiens;primates;human;Eukaryota;Chordata;Mammalia;Primates;Hominidae;Homo;Homo sapiens
42329;ASV_0552;199;gi|3057019843|gb|PQ835398.1|;PQ835398;16568;2.43E-95;363;196;199;99.497;198;1;198;0;9606;Homo sapiens;primates;human;Eukaryota;Chordata;Mammalia;Primates;Hominidae;Homo;Homo sapiens
42330;ASV_0552;199;gi|3057019841|gb|PQ835396.1|;PQ835396;16568;2.43E-95;363;196;199;99.497;198;1;198;0;9606;Homo sapiens;primates;human;Eukaryota;Chordata;Mammalia;Primates;Hominidae;Homo;Homo sapiens
42331;ASV_0552;199;gi|3057019840|gb|PQ835395.1|;PQ835395;16568;2.43E-95;363;196;199;99.497;198;1;198;0;9606;Homo sapiens;primates;human;Eukaryota;Chordata;Mammalia;Primates;Hominidae;Homo;Homo sapiens
42332;ASV_0552;199;gi|3057019839|gb|PQ835394.1|;PQ835394;16566;2.43E-95;363;196;199;99.497;198;1;198;0;9606;Homo sapiens;primates;human;Eukaryota;Chordata;Mammalia;Primates;Hominidae;Homo;Homo sapiens
42333;ASV_0552;199;gi|3057019838|gb|PQ835393.1|;PQ835393;16568;2.43E-95;363;196;199;99.497;198;1;198;0;9606;Homo sapiens;primates;human;Eukaryota;Chordata;Mammalia;Primates;Hominidae;Homo;Homo sapiens
42334;ASV_0552;199;gi|3057019837|gb|PQ835392.1|;PQ835392;16568;2.43E-95;363;196;199;99.497;198;1;198;0;9606;Homo sapiens;primates;human;Eukaryota;Chordata;Mammalia;Primates;Hominidae;Homo;Homo sapiens
42335;ASV_0552;199;gi|3057019836|gb|PQ835391.1|;PQ835391;16568;2.43E-95;363;196;199;99.497;198;1;198;0;9606;Homo sapiens;primates;human;Eukaryota;Chordata;Mammalia;Primates;Hominidae;Homo;Homo sapiens
42336;ASV_0552;199;gi|3057019835|gb|PQ835390.1|;PQ835390;16566;2.43E-95;363;196;199;99.497;198;1;198;0;9606;Homo sapiens;primates;human;Eukaryota;Chordata;Mammalia;Primates;Hominidae;Homo;Homo sapiens
42337;ASV_0552;199;gi|3057019834|gb|PQ835389.1|;PQ835389;16572;2.43E-95;363;196;199;99.497;198;1;198;0;9606;Homo sapiens;primates;human;Eukaryota;Chordata;Mammalia;Primates;Hominidae;Homo;Homo sapiens
42338;ASV_0552;199;gi|3057019833|gb|PQ835388.1|;PQ835388;16568;2.43E-95;363;196;199;99.497;198;1;198;0;9606;Homo sapiens;primates;human;Eukaryota;Chordata;Mammalia;Primates;Hominidae;Homo;Homo sapiens
42339;ASV_0552;199;gi|3057019832|gb|PQ835387.1|;PQ835387;16568;2.43E-95;363;196;199;99.497;198;1;198;0;9606;Homo sapiens;primates;human;Eukaryota;Chordata;Mammalia;Primates;Hominidae;Homo;Homo sapiens
42340;ASV_0552;199;gi|3057019831|gb|PQ835386.1|;PQ835386;16568;2.43E-95;363;196;199;99.497;198;1;198;0;9606;Homo sapiens;primates;human;Eukaryota;Chordata;Mammalia;Primates;Hominidae;Homo;Homo sapiens
42341;ASV_0552;199;gi|3057019830|gb|PQ835385.1|;PQ835385;16568;2.43E-95;363;196;199;99.497;198;1;198;0;9606;Homo sapiens;primates;human;Eukaryota;Chordata;Mammalia;Primates;Hominidae;Homo;Homo sapiens
42342;ASV_0552;199;gi|3057019829|gb|PQ835384.1|;PQ835384;16568;2.43E-95;363;196;199;99.497;198;1;198;0;9606;Homo sapiens;primates;human;Eukaryota;Chordata;Mammalia;Primates;Hominidae;Homo;Homo sapiens
42343;ASV_0552;199;gi|3057019828|gb|PQ835383.1|;PQ835383;16572;2.43E-95;363;196;199;99.497;198;1;198;0;9606;Homo sapiens;primates;human;Eukaryota;Chordata;Mammalia;Primates;Hominidae;Homo;Homo sapiens
42344;ASV_0552;199;gi|3057019827|gb|PQ835382.1|;PQ835382;16566;2.43E-95;363;196;199;99.497;198;1;198;0;9606;Homo sapiens;primates;human;Eukaryota;Chordata;Mammalia;Primates;Hominidae;Homo;Homo sapiens
42345;ASV_0552;199;gi|3057019826|gb|PQ835381.1|;PQ835381;16566;2.43E-95;363;196;199;99.497;198;1;198;0;9606;Homo sapiens;primates;human;Eukaryota;Chordata;Mammalia;Primates;Hominidae;Homo;Homo sapiens
42346;ASV_0552;199;gi|3057019825|gb|PQ835380.1|;PQ835380;16568;2.43E-95;363;196;199;99.497;198;1;198;0;9606;Homo sapiens;primates;human;Eukaryota;Chordata;Mammalia;Primates;Hominidae;Homo;Homo sapiens
42347;ASV_0552;199;gi|3057019823|gb|PQ835378.1|;PQ835378;16568;2.43E-95;363;196;199;99.497;198;1;198;0;9606;Homo sapiens;primates;human;Eukaryota;Chordata;Mammalia;Primates;Hominidae;Homo;Homo sapiens
42348;ASV_0552;199;gi|3057019822|gb|PQ835377.1|;PQ835377;16568;2.43E-95;363;196;199;99.497;198;1;198;0;9606;Homo sapiens;primates;human;Eukaryota;Chordata;Mammalia;Primates;Hominidae;Homo;Homo sapiens
42349;ASV_0552;199;gi|3057019821|gb|PQ835376.1|;PQ835376;16568;2.43E-95;363;196;199;99.497;198;1;198;0;9606;Homo sapiens;primates;human;Eukaryota;Chordata;Mammalia;Primates;Hominidae;Homo;Homo sapiens
42350;ASV_0552;199;gi|3057019820|gb|PQ835375.1|;PQ835375;16567;2.43E-95;363;196;199;99.497;198;1;198;0;9606;Homo sapiens;primates;human;Eukaryota;Chordata;Mammalia;Primates;Hominidae;Homo;Homo sapiens
42351;ASV_0552;199;gi|3057019819|gb|PQ835374.1|;PQ835374;16568;2.43E-95;363;196;199;99.497;198;1;198;0;9606;Homo sapiens;primates;human;Eukaryota;Chordata;Mammalia;Primates;Hominidae;Homo;Homo sapiens
42352;ASV_0552;199;gi|3057019818|gb|PQ835373.1|;PQ835373;16568;2.43E-95;363;196;199;99.497;198;1;198;0;9606;Homo sapiens;primates;human;Eukaryota;Chordata;Mammalia;Primates;Hominidae;Homo;Homo sapiens
42353;ASV_0552;199;gi|3057019817|gb|PQ835372.1|;PQ835372;16568;2.43E-95;363;196;199;99.497;198;1;198;0;9606;Homo sapiens;primates;human;Eukaryota;Chordata;Mammalia;Primates;Hominidae;Homo;Homo sapiens
42354;ASV_0552;199;gi|3057019816|gb|PQ835371.1|;PQ835371;16568;2.43E-95;363;196;199;99.497;198;1;198;0;9606;Homo sapiens;primates;human;Eukaryota;Chordata;Mammalia;Primates;Hominidae;Homo;Homo sapiens
42355;ASV_0552;199;gi|3057019815|gb|PQ835370.1|;PQ835370;16568;2.43E-95;363;196;199;99.497;198;1;198;0;9606;Homo sapiens;primates;human;Eukaryota;Chordata;Mammalia;Primates;Hominidae;Homo;Homo sapiens
42356;ASV_0552;199;gi|3057019814|gb|PQ835369.1|;PQ835369;16568;2.43E-95;363;196;199;99.497;198;1;198;0;9606;Homo sapiens;primates;human;Eukaryota;Chordata;Mammalia;Primates;Hominidae;Homo;Homo sapiens
42357;ASV_0552;199;gi|3057019813|gb|PQ835368.1|;PQ835368;16568;2.43E-95;363;196;199;99.497;198;1;198;0;9606;Homo sapiens;primates;human;Eukaryota;Chordata;Mammalia;Primates;Hominidae;Homo;Homo sapiens
42358;ASV_0552;199;gi|3057019812|gb|PQ835367.1|;PQ835367;16568;2.43E-95;363;196;199;99.497;198;1;198;0;9606;Homo sapiens;primates;human;Eukaryota;Chordata;Mammalia;Primates;Hominidae;Homo;Homo sapiens
42359;ASV_0552;199;gi|3057019811|gb|PQ835366.1|;PQ835366;16568;2.43E-95;363;196;199;99.497;198;1;198;0;9606;Homo sapiens;primates;human;Eukaryota;Chordata;Mammalia;Primates;Hominidae;Homo;Homo sapiens
42360;ASV_0552;199;gi|3057019810|gb|PQ835365.1|;PQ835365;16568;2.43E-95;363;196;199;99.497;198;1;198;0;9606;Homo sapiens;primates;human;Eukaryota;Chordata;Mammalia;Primates;Hominidae;Homo;Homo sapiens
42361;ASV_0552;199;gi|3057019809|gb|PQ835364.1|;PQ835364;16568;2.43E-95;363;196;199;99.497;198;1;198;0;9606;Homo sapiens;primates;human;Eukaryota;Chordata;Mammalia;Primates;Hominidae;Homo;Homo sapiens
42362;ASV_0552;199;gi|3057019808|gb|PQ835363.1|;PQ835363;16567;2.43E-95;363;196;199;99.497;198;1;198;0;9606;Homo sapiens;primates;human;Eukaryota;Chordata;Mammalia;Primates;Hominidae;Homo;Homo sapiens
42363;ASV_0552;199;gi|3057019807|gb|PQ835362.1|;PQ835362;16572;2.43E-95;363;196;199;99.497;198;1;198;0;9606;Homo sapiens;primates;human;Eukaryota;Chordata;Mammalia;Primates;Hominidae;Homo;Homo sapiens
42364;ASV_0552;199;gi|3057019806|gb|PQ835361.1|;PQ835361;16568;2.43E-95;363;196;199;99.497;198;1;198;0;9606;Homo sapiens;primates;human;Eukaryota;Chordata;Mammalia;Primates;Hominidae;Homo;Homo sapiens
42365;ASV_0552;199;gi|3057019805|gb|PQ835360.1|;PQ835360;16568;2.43E-95;363;196;199;99.497;198;1;198;0;9606;Homo sapiens;primates;human;Eukaryota;Chordata;Mammalia;Primates;Hominidae;Homo;Homo sapiens
42366;ASV_0552;199;gi|3057019804|gb|PQ835359.1|;PQ835359;16568;2.43E-95;363;196;199;99.497;198;1;198;0;9606;Homo sapiens;primates;human;Eukaryota;Chordata;Mammalia;Primates;Hominidae;Homo;Homo sapiens
42367;ASV_0552;199;gi|3057019803|gb|PQ835358.1|;PQ835358;16568;2.43E-95;363;196;199;99.497;198;1;198;0;9606;Homo sapiens;primates;human;Eukaryota;Chordata;Mammalia;Primates;Hominidae;Homo;Homo sapiens
42368;ASV_0552;199;gi|3057019802|gb|PQ835357.1|;PQ835357;16568;2.43E-95;363;196;199;99.497;198;1;198;0;9606;Homo sapiens;primates;human;Eukaryota;Chordata;Mammalia;Primates;Hominidae;Homo;Homo sapiens
42369;ASV_0552;199;gi|3057019800|gb|PQ835355.1|;PQ835355;16568;2.43E-95;363;196;199;99.497;198;1;198;0;9606;Homo sapiens;primates;human;Eukaryota;Chordata;Mammalia;Primates;Hominidae;Homo;Homo sapiens
42370;ASV_0552;199;gi|3057019799|gb|PQ835354.1|;PQ835354;16568;2.43E-95;363;196;199;99.497;198;1;198;0;9606;Homo sapiens;primates;human;Eukaryota;Chordata;Mammalia;Primates;Hominidae;Homo;Homo sapiens
42371;ASV_0552;199;gi|3057019798|gb|PQ835353.1|;PQ835353;16568;2.43E-95;363;196;199;99.497;198;1;198;0;9606;Homo sapiens;primates;human;Eukaryota;Chordata;Mammalia;Primates;Hominidae;Homo;Homo sapiens
42372;ASV_0552;199;gi|3057019797|gb|PQ835352.1|;PQ835352;16568;2.43E-95;363;196;199;99.497;198;1;198;0;9606;Homo sapiens;primates;human;Eukaryota;Chordata;Mammalia;Primates;Hominidae;Homo;Homo sapiens
42373;ASV_0552;199;gi|3057019796|gb|PQ835351.1|;PQ835351;16568;2.43E-95;363;196;199;99.497;198;1;198;0;9606;Homo sapiens;primates;human;Eukaryota;Chordata;Mammalia;Primates;Hominidae;Homo;Homo sapiens
42374;ASV_0552;199;gi|3057019795|gb|PQ835350.1|;PQ835350;16568;2.43E-95;363;196;199;99.497;198;1;198;0;9606;Homo sapiens;primates;human;Eukaryota;Chordata;Mammalia;Primates;Hominidae;Homo;Homo sapiens
42375;ASV_0552;199;gi|3057019794|gb|PQ835349.1|;PQ835349;16568;2.43E-95;363;196;199;99.497;198;1;198;0;9606;Homo sapiens;primates;human;Eukaryota;Chordata;Mammalia;Primates;Hominidae;Homo;Homo sapiens
42376;ASV_0552;199;gi|3057019793|gb|PQ835348.1|;PQ835348;16568;2.43E-95;363;196;199;99.497;198;1;198;0;9606;Homo sapiens;primates;human;Eukaryota;Chordata;Mammalia;Primates;Hominidae;Homo;Homo sapiens
42377;ASV_0552;199;gi|3057019792|gb|PQ835347.1|;PQ835347;16567;2.43E-95;363;196;199;99.497;198;1;198;0;9606;Homo sapiens;primates;human;Eukaryota;Chordata;Mammalia;Primates;Hominidae;Homo;Homo sapiens
42378;ASV_0552;199;gi|3057019791|gb|PQ835346.1|;PQ835346;16568;2.43E-95;363;196;199;99.497;198;1;198;0;9606;Homo sapiens;primates;human;Eukaryota;Chordata;Mammalia;Primates;Hominidae;Homo;Homo sapiens
42379;ASV_0552;199;gi|3057019790|gb|PQ835345.1|;PQ835345;16568;2.43E-95;363;196;199;99.497;198;1;198;0;9606;Homo sapiens;primates;human;Eukaryota;Chordata;Mammalia;Primates;Hominidae;Homo;Homo sapiens
42380;ASV_0552;199;gi|3057019789|gb|PQ835344.1|;PQ835344;16568;2.43E-95;363;196;199;99.497;198;1;198;0;9606;Homo sapiens;primates;human;Eukaryota;Chordata;Mammalia;Primates;Hominidae;Homo;Homo sapiens
42381;ASV_0552;199;gi|3057019788|gb|PQ835343.1|;PQ835343;16568;2.43E-95;363;196;199;99.497;198;1;198;0;9606;Homo sapiens;primates;human;Eukaryota;Chordata;Mammalia;Primates;Hominidae;Homo;Homo sapiens
42382;ASV_0552;199;gi|3057019787|gb|PQ835342.1|;PQ835342;16567;2.43E-95;363;196;199;99.497;198;1;198;0;9606;Homo sapiens;primates;human;Eukaryota;Chordata;Mammalia;Primates;Hominidae;Homo;Homo sapiens
42383;ASV_0552;199;gi|3057019786|gb|PQ835341.1|;PQ835341;16568;2.43E-95;363;196;199;99.497;198;1;198;0;9606;Homo sapiens;primates;human;Eukaryota;Chordata;Mammalia;Primates;Hominidae;Homo;Homo sapiens
42384;ASV_0552;199;gi|3057019785|gb|PQ835340.1|;PQ835340;16568;2.43E-95;363;196;199;99.497;198;1;198;0;9606;Homo sapiens;primates;human;Eukaryota;Chordata;Mammalia;Primates;Hominidae;Homo;Homo sapiens
42385;ASV_0552;199;gi|3057019784|gb|PQ835339.1|;PQ835339;16568;2.43E-95;363;196;199;99.497;198;1;198;0;9606;Homo sapiens;primates;human;Eukaryota;Chordata;Mammalia;Primates;Hominidae;Homo;Homo sapiens
42386;ASV_0552;199;gi|3057019783|gb|PQ835338.1|;PQ835338;16568;2.43E-95;363;196;199;99.497;198;1;198;0;9606;Homo sapiens;primates;human;Eukaryota;Chordata;Mammalia;Primates;Hominidae;Homo;Homo sapiens
42387;ASV_0552;199;gi|3057019782|gb|PQ835337.1|;PQ835337;16568;2.43E-95;363;196;199;99.497;198;1;198;0;9606;Homo sapiens;primates;human;Eukaryota;Chordata;Mammalia;Primates;Hominidae;Homo;Homo sapiens
42388;ASV_0552;199;gi|3057019781|gb|PQ835336.1|;PQ835336;16568;2.43E-95;363;196;199;99.497;198;1;198;0;9606;Homo sapiens;primates;human;Eukaryota;Chordata;Mammalia;Primates;Hominidae;Homo;Homo sapiens
42389;ASV_0552;199;gi|3057019780|gb|PQ835335.1|;PQ835335;16566;2.43E-95;363;196;199;99.497;198;1;198;0;9606;Homo sapiens;primates;human;Eukaryota;Chordata;Mammalia;Primates;Hominidae;Homo;Homo sapiens
42390;ASV_0552;199;gi|3057019779|gb|PQ835334.1|;PQ835334;16568;2.43E-95;363;196;199;99.497;198;1;198;0;9606;Homo sapiens;primates;human;Eukaryota;Chordata;Mammalia;Primates;Hominidae;Homo;Homo sapiens
42391;ASV_0552;199;gi|3057019778|gb|PQ835333.1|;PQ835333;16568;2.43E-95;363;196;199;99.497;198;1;198;0;9606;Homo sapiens;primates;human;Eukaryota;Chordata;Mammalia;Primates;Hominidae;Homo;Homo sapiens
42392;ASV_0552;199;gi|3057019777|gb|PQ835332.1|;PQ835332;16566;2.43E-95;363;196;199;99.497;198;1;198;0;9606;Homo sapiens;primates;human;Eukaryota;Chordata;Mammalia;Primates;Hominidae;Homo;Homo sapiens
42393;ASV_0552;199;gi|3057019775|gb|PQ835330.1|;PQ835330;16568;2.43E-95;363;196;199;99.497;198;1;198;0;9606;Homo sapiens;primates;human;Eukaryota;Chordata;Mammalia;Primates;Hominidae;Homo;Homo sapiens
42394;ASV_0552;199;gi|3057019774|gb|PQ835329.1|;PQ835329;16568;2.43E-95;363;196;199;99.497;198;1;198;0;9606;Homo sapiens;primates;human;Eukaryota;Chordata;Mammalia;Primates;Hominidae;Homo;Homo sapiens
42395;ASV_0552;199;gi|3057019772|gb|PQ835327.1|;PQ835327;16568;2.43E-95;363;196;199;99.497;198;1;198;0;9606;Homo sapiens;primates;human;Eukaryota;Chordata;Mammalia;Primates;Hominidae;Homo;Homo sapiens
42396;ASV_0552;199;gi|3057019771|gb|PQ835326.1|;PQ835326;16568;2.43E-95;363;196;199;99.497;198;1;198;0;9606;Homo sapiens;primates;human;Eukaryota;Chordata;Mammalia;Primates;Hominidae;Homo;Homo sapiens
42397;ASV_0552;199;gi|3057019769|gb|PQ835324.1|;PQ835324;16566;2.43E-95;363;196;199;99.497;198;1;198;0;9606;Homo sapiens;primates;human;Eukaryota;Chordata;Mammalia;Primates;Hominidae;Homo;Homo sapiens
42398;ASV_0552;199;gi|3057019768|gb|PQ835323.1|;PQ835323;16566;2.43E-95;363;196;199;99.497;198;1;198;0;9606;Homo sapiens;primates;human;Eukaryota;Chordata;Mammalia;Primates;Hominidae;Homo;Homo sapiens
42399;ASV_0552;199;gi|3057019767|gb|PQ835322.1|;PQ835322;16568;2.43E-95;363;196;199;99.497;198;1;198;0;9606;Homo sapiens;primates;human;Eukaryota;Chordata;Mammalia;Primates;Hominidae;Homo;Homo sapiens
42400;ASV_0552;199;gi|3057019766|gb|PQ835321.1|;PQ835321;16568;2.43E-95;363;196;199;99.497;198;1;198;0;9606;Homo sapiens;primates;human;Eukaryota;Chordata;Mammalia;Primates;Hominidae;Homo;Homo sapiens
42401;ASV_0552;199;gi|3057019765|gb|PQ835320.1|;PQ835320;16568;2.43E-95;363;196;199;99.497;198;1;198;0;9606;Homo sapiens;primates;human;Eukaryota;Chordata;Mammalia;Primates;Hominidae;Homo;Homo sapiens
42402;ASV_0552;199;gi|3057019764|gb|PQ835319.1|;PQ835319;16568;2.43E-95;363;196;199;99.497;198;1;198;0;9606;Homo sapiens;primates;human;Eukaryota;Chordata;Mammalia;Primates;Hominidae;Homo;Homo sapiens
42403;ASV_0552;199;gi|3057019763|gb|PQ835318.1|;PQ835318;16568;2.43E-95;363;196;199;99.497;198;1;198;0;9606;Homo sapiens;primates;human;Eukaryota;Chordata;Mammalia;Primates;Hominidae;Homo;Homo sapiens
42404;ASV_0552;199;gi|3057019762|gb|PQ835317.1|;PQ835317;16571;2.43E-95;363;196;199;99.497;198;1;198;0;9606;Homo sapiens;primates;human;Eukaryota;Chordata;Mammalia;Primates;Hominidae;Homo;Homo sapiens
42405;ASV_0552;199;gi|3057019761|gb|PQ835316.1|;PQ835316;16568;2.43E-95;363;196;199;99.497;198;1;198;0;9606;Homo sapiens;primates;human;Eukaryota;Chordata;Mammalia;Primates;Hominidae;Homo;Homo sapiens
42406;ASV_0552;199;gi|3057019759|gb|PQ835314.1|;PQ835314;16566;2.43E-95;363;196;199;99.497;198;1;198;0;9606;Homo sapiens;primates;human;Eukaryota;Chordata;Mammalia;Primates;Hominidae;Homo;Homo sapiens
42407;ASV_0552;199;gi|3057019757|gb|PQ835312.1|;PQ835312;16568;2.43E-95;363;196;199;99.497;198;1;198;0;9606;Homo sapiens;primates;human;Eukaryota;Chordata;Mammalia;Primates;Hominidae;Homo;Homo sapiens
42408;ASV_0552;199;gi|3057019756|gb|PQ835311.1|;PQ835311;16569;2.43E-95;363;196;199;99.497;198;1;198;0;9606;Homo sapiens;primates;human;Eukaryota;Chordata;Mammalia;Primates;Hominidae;Homo;Homo sapiens
42409;ASV_0552;199;gi|3057019754|gb|PQ835309.1|;PQ835309;16568;2.43E-95;363;196;199;99.497;198;1;198;0;9606;Homo sapiens;primates;human;Eukaryota;Chordata;Mammalia;Primates;Hominidae;Homo;Homo sapiens
42410;ASV_0552;199;gi|3057019753|gb|PQ835308.1|;PQ835308;16568;2.43E-95;363;196;199;99.497;198;1;198;0;9606;Homo sapiens;primates;human;Eukaryota;Chordata;Mammalia;Primates;Hominidae;Homo;Homo sapiens
42411;ASV_0552;199;gi|3057019752|gb|PQ835307.1|;PQ835307;16568;2.43E-95;363;196;199;99.497;198;1;198;0;9606;Homo sapiens;primates;human;Eukaryota;Chordata;Mammalia;Primates;Hominidae;Homo;Homo sapiens
42412;ASV_0552;199;gi|3057019751|gb|PQ835306.1|;PQ835306;16567;2.43E-95;363;196;199;99.497;198;1;198;0;9606;Homo sapiens;primates;human;Eukaryota;Chordata;Mammalia;Primates;Hominidae;Homo;Homo sapiens
42413;ASV_0552;199;gi|3057019750|gb|PQ835305.1|;PQ835305;16567;2.43E-95;363;196;199;99.497;198;1;198;0;9606;Homo sapiens;primates;human;Eukaryota;Chordata;Mammalia;Primates;Hominidae;Homo;Homo sapiens
42414;ASV_0552;199;gi|3057019748|gb|PQ835303.1|;PQ835303;16566;2.43E-95;363;196;199;99.497;198;1;198;0;9606;Homo sapiens;primates;human;Eukaryota;Chordata;Mammalia;Primates;Hominidae;Homo;Homo sapiens
42415;ASV_0552;199;gi|3057019747|gb|PQ835302.1|;PQ835302;16568;2.43E-95;363;196;199;99.497;198;1;198;0;9606;Homo sapiens;primates;human;Eukaryota;Chordata;Mammalia;Primates;Hominidae;Homo;Homo sapiens
42416;ASV_0552;199;gi|3057019746|gb|PQ835301.1|;PQ835301;16568;2.43E-95;363;196;199;99.497;198;1;198;0;9606;Homo sapiens;primates;human;Eukaryota;Chordata;Mammalia;Primates;Hominidae;Homo;Homo sapiens
42417;ASV_0552;199;gi|3057019745|gb|PQ835300.1|;PQ835300;16568;2.43E-95;363;196;199;99.497;198;1;198;0;9606;Homo sapiens;primates;human;Eukaryota;Chordata;Mammalia;Primates;Hominidae;Homo;Homo sapiens
42418;ASV_0552;199;gi|3057019744|gb|PQ835299.1|;PQ835299;16568;2.43E-95;363;196;199;99.497;198;1;198;0;9606;Homo sapiens;primates;human;Eukaryota;Chordata;Mammalia;Primates;Hominidae;Homo;Homo sapiens
42419;ASV_0552;199;gi|3057019743|gb|PQ835298.1|;PQ835298;16566;2.43E-95;363;196;199;99.497;198;1;198;0;9606;Homo sapiens;primates;human;Eukaryota;Chordata;Mammalia;Primates;Hominidae;Homo;Homo sapiens
42420;ASV_0552;199;gi|3057019742|gb|PQ835297.1|;PQ835297;16570;2.43E-95;363;196;199;99.497;198;1;198;0;9606;Homo sapiens;primates;human;Eukaryota;Chordata;Mammalia;Primates;Hominidae;Homo;Homo sapiens
42421;ASV_0552;199;gi|3057019740|gb|PQ835295.1|;PQ835295;16568;2.43E-95;363;196;199;99.497;198;1;198;0;9606;Homo sapiens;primates;human;Eukaryota;Chordata;Mammalia;Primates;Hominidae;Homo;Homo sapiens
42422;ASV_0552;199;gi|3057019739|gb|PQ835294.1|;PQ835294;16568;2.43E-95;363;196;199;99.497;198;1;198;0;9606;Homo sapiens;primates;human;Eukaryota;Chordata;Mammalia;Primates;Hominidae;Homo;Homo sapiens
42423;ASV_0552;199;gi|3057019738|gb|PQ835293.1|;PQ835293;16568;2.43E-95;363;196;199;99.497;198;1;198;0;9606;Homo sapiens;primates;human;Eukaryota;Chordata;Mammalia;Primates;Hominidae;Homo;Homo sapiens
42424;ASV_0552;199;gi|3057019737|gb|PQ835292.1|;PQ835292;16568;2.43E-95;363;196;199;99.497;198;1;198;0;9606;Homo sapiens;primates;human;Eukaryota;Chordata;Mammalia;Primates;Hominidae;Homo;Homo sapiens
42425;ASV_0552;199;gi|3057019729|gb|PQ825734.1|;PQ825734;16568;2.43E-95;363;196;199;99.497;198;1;198;0;9606;Homo sapiens;primates;human;Eukaryota;Chordata;Mammalia;Primates;Hominidae;Homo;Homo sapiens
42426;ASV_0552;199;gi|3057019728|gb|PQ825733.1|;PQ825733;16568;2.43E-95;363;196;199;99.497;198;1;198;0;9606;Homo sapiens;primates;human;Eukaryota;Chordata;Mammalia;Primates;Hominidae;Homo;Homo sapiens
42427;ASV_0552;199;gi|3057019727|gb|PQ825732.1|;PQ825732;16568;2.43E-95;363;196;199;99.497;198;1;198;0;9606;Homo sapiens;primates;human;Eukaryota;Chordata;Mammalia;Primates;Hominidae;Homo;Homo sapiens
42428;ASV_0552;199;gi|3057019726|gb|PQ825731.1|;PQ825731;16568;2.43E-95;363;196;199;99.497;198;1;198;0;9606;Homo sapiens;primates;human;Eukaryota;Chordata;Mammalia;Primates;Hominidae;Homo;Homo sapiens
42429;ASV_0552;199;gi|3057019724|gb|PQ825729.1|;PQ825729;16568;2.43E-95;363;196;199;99.497;198;1;198;0;9606;Homo sapiens;primates;human;Eukaryota;Chordata;Mammalia;Primates;Hominidae;Homo;Homo sapiens
42430;ASV_0552;199;gi|3057019723|gb|PQ825728.1|;PQ825728;16568;2.43E-95;363;196;199;99.497;198;1;198;0;9606;Homo sapiens;primates;human;Eukaryota;Chordata;Mammalia;Primates;Hominidae;Homo;Homo sapiens
42431;ASV_0552;199;gi|3057019722|gb|PQ825727.1|;PQ825727;16568;2.43E-95;363;196;199;99.497;198;1;198;0;9606;Homo sapiens;primates;human;Eukaryota;Chordata;Mammalia;Primates;Hominidae;Homo;Homo sapiens
42432;ASV_0552;199;gi|3057019720|gb|PQ825725.1|;PQ825725;16568;2.43E-95;363;196;199;99.497;198;1;198;0;9606;Homo sapiens;primates;human;Eukaryota;Chordata;Mammalia;Primates;Hominidae;Homo;Homo sapiens
42433;ASV_0552;199;gi|3057019719|gb|PQ825724.1|;PQ825724;16568;2.43E-95;363;196;199;99.497;198;1;198;0;9606;Homo sapiens;primates;human;Eukaryota;Chordata;Mammalia;Primates;Hominidae;Homo;Homo sapiens
42434;ASV_0552;199;gi|3057019718|gb|PQ825723.1|;PQ825723;16568;2.43E-95;363;196;199;99.497;198;1;198;0;9606;Homo sapiens;primates;human;Eukaryota;Chordata;Mammalia;Primates;Hominidae;Homo;Homo sapiens
42435;ASV_0552;199;gi|3057019717|gb|PQ825722.1|;PQ825722;16568;2.43E-95;363;196;199;99.497;198;1;198;0;9606;Homo sapiens;primates;human;Eukaryota;Chordata;Mammalia;Primates;Hominidae;Homo;Homo sapiens
42436;ASV_0552;199;gi|3057019716|gb|PQ825721.1|;PQ825721;16569;2.43E-95;363;196;199;99.497;198;1;198;0;9606;Homo sapiens;primates;human;Eukaryota;Chordata;Mammalia;Primates;Hominidae;Homo;Homo sapiens
42437;ASV_0552;199;gi|3057019715|gb|PQ825720.1|;PQ825720;16568;2.43E-95;363;196;199;99.497;198;1;198;0;9606;Homo sapiens;primates;human;Eukaryota;Chordata;Mammalia;Primates;Hominidae;Homo;Homo sapiens
42438;ASV_0552;199;gi|3057019714|gb|PQ825719.1|;PQ825719;16567;2.43E-95;363;196;199;99.497;198;1;198;0;9606;Homo sapiens;primates;human;Eukaryota;Chordata;Mammalia;Primates;Hominidae;Homo;Homo sapiens
42439;ASV_0552;199;gi|3057019713|gb|PQ825718.1|;PQ825718;16568;2.43E-95;363;196;199;99.497;198;1;198;0;9606;Homo sapiens;primates;human;Eukaryota;Chordata;Mammalia;Primates;Hominidae;Homo;Homo sapiens
42440;ASV_0552;199;gi|3057019712|gb|PQ825717.1|;PQ825717;16566;2.43E-95;363;196;199;99.497;198;1;198;0;9606;Homo sapiens;primates;human;Eukaryota;Chordata;Mammalia;Primates;Hominidae;Homo;Homo sapiens
42441;ASV_0552;199;gi|3057019711|gb|PQ825716.1|;PQ825716;16568;2.43E-95;363;196;199;99.497;198;1;198;0;9606;Homo sapiens;primates;human;Eukaryota;Chordata;Mammalia;Primates;Hominidae;Homo;Homo sapiens
42442;ASV_0552;199;gi|3057019710|gb|PQ825715.1|;PQ825715;16566;2.43E-95;363;196;199;99.497;198;1;198;0;9606;Homo sapiens;primates;human;Eukaryota;Chordata;Mammalia;Primates;Hominidae;Homo;Homo sapiens
42443;ASV_0552;199;gi|3057019709|gb|PQ825714.1|;PQ825714;16568;2.43E-95;363;196;199;99.497;198;1;198;0;9606;Homo sapiens;primates;human;Eukaryota;Chordata;Mammalia;Primates;Hominidae;Homo;Homo sapiens
42444;ASV_0552;199;gi|3057019708|gb|PQ825713.1|;PQ825713;16568;2.43E-95;363;196;199;99.497;198;1;198;0;9606;Homo sapiens;primates;human;Eukaryota;Chordata;Mammalia;Primates;Hominidae;Homo;Homo sapiens
42445;ASV_0552;199;gi|3057019707|gb|PQ825712.1|;PQ825712;16568;2.43E-95;363;196;199;99.497;198;1;198;0;9606;Homo sapiens;primates;human;Eukaryota;Chordata;Mammalia;Primates;Hominidae;Homo;Homo sapiens
42446;ASV_0552;199;gi|3057019706|gb|PQ825711.1|;PQ825711;16566;2.43E-95;363;196;199;99.497;198;1;198;0;9606;Homo sapiens;primates;human;Eukaryota;Chordata;Mammalia;Primates;Hominidae;Homo;Homo sapiens
42447;ASV_0552;199;gi|3057019704|gb|PQ825709.1|;PQ825709;16568;2.43E-95;363;196;199;99.497;198;1;198;0;9606;Homo sapiens;primates;human;Eukaryota;Chordata;Mammalia;Primates;Hominidae;Homo;Homo sapiens
42448;ASV_0552;199;gi|3057019703|gb|PQ825708.1|;PQ825708;16568;2.43E-95;363;196;199;99.497;198;1;198;0;9606;Homo sapiens;primates;human;Eukaryota;Chordata;Mammalia;Primates;Hominidae;Homo;Homo sapiens
42449;ASV_0552;199;gi|3057019702|gb|PQ825707.1|;PQ825707;16567;2.43E-95;363;196;199;99.497;198;1;198;0;9606;Homo sapiens;primates;human;Eukaryota;Chordata;Mammalia;Primates;Hominidae;Homo;Homo sapiens
42450;ASV_0552;199;gi|3057019701|gb|PQ825706.1|;PQ825706;16568;2.43E-95;363;196;199;99.497;198;1;198;0;9606;Homo sapiens;primates;human;Eukaryota;Chordata;Mammalia;Primates;Hominidae;Homo;Homo sapiens
42451;ASV_0552;199;gi|3057019699|gb|PQ825704.1|;PQ825704;16566;2.43E-95;363;196;199;99.497;198;1;198;0;9606;Homo sapiens;primates;human;Eukaryota;Chordata;Mammalia;Primates;Hominidae;Homo;Homo sapiens
42452;ASV_0552;199;gi|3057019698|gb|PQ825703.1|;PQ825703;16568;2.43E-95;363;196;199;99.497;198;1;198;0;9606;Homo sapiens;primates;human;Eukaryota;Chordata;Mammalia;Primates;Hominidae;Homo;Homo sapiens
42453;ASV_0552;199;gi|3057019697|gb|PQ825702.1|;PQ825702;16568;2.43E-95;363;196;199;99.497;198;1;198;0;9606;Homo sapiens;primates;human;Eukaryota;Chordata;Mammalia;Primates;Hominidae;Homo;Homo sapiens
42454;ASV_0552;199;gi|3057019696|gb|PQ825701.1|;PQ825701;16568;2.43E-95;363;196;199;99.497;198;1;198;0;9606;Homo sapiens;primates;human;Eukaryota;Chordata;Mammalia;Primates;Hominidae;Homo;Homo sapiens
42455;ASV_0552;199;gi|3057019695|gb|PQ825700.1|;PQ825700;16568;2.43E-95;363;196;199;99.497;198;1;198;0;9606;Homo sapiens;primates;human;Eukaryota;Chordata;Mammalia;Primates;Hominidae;Homo;Homo sapiens
42456;ASV_0552;199;gi|3057019694|gb|PQ825699.1|;PQ825699;16568;2.43E-95;363;196;199;99.497;198;1;198;0;9606;Homo sapiens;primates;human;Eukaryota;Chordata;Mammalia;Primates;Hominidae;Homo;Homo sapiens
42457;ASV_0552;199;gi|3057019693|gb|PQ825698.1|;PQ825698;16566;2.43E-95;363;196;199;99.497;198;1;198;0;9606;Homo sapiens;primates;human;Eukaryota;Chordata;Mammalia;Primates;Hominidae;Homo;Homo sapiens
42458;ASV_0552;199;gi|3057019692|gb|PQ825697.1|;PQ825697;16568;2.43E-95;363;196;199;99.497;198;1;198;0;9606;Homo sapiens;primates;human;Eukaryota;Chordata;Mammalia;Primates;Hominidae;Homo;Homo sapiens
42459;ASV_0552;199;gi|3057019691|gb|PQ825696.1|;PQ825696;16568;2.43E-95;363;196;199;99.497;198;1;198;0;9606;Homo sapiens;primates;human;Eukaryota;Chordata;Mammalia;Primates;Hominidae;Homo;Homo sapiens
42460;ASV_0552;199;gi|3057019690|gb|PQ825695.1|;PQ825695;16568;2.43E-95;363;196;199;99.497;198;1;198;0;9606;Homo sapiens;primates;human;Eukaryota;Chordata;Mammalia;Primates;Hominidae;Homo;Homo sapiens
42461;ASV_0552;199;gi|3057019689|gb|PQ825694.1|;PQ825694;16568;2.43E-95;363;196;199;99.497;198;1;198;0;9606;Homo sapiens;primates;human;Eukaryota;Chordata;Mammalia;Primates;Hominidae;Homo;Homo sapiens
42462;ASV_0552;199;gi|3057019688|gb|PQ825693.1|;PQ825693;16568;2.43E-95;363;196;199;99.497;198;1;198;0;9606;Homo sapiens;primates;human;Eukaryota;Chordata;Mammalia;Primates;Hominidae;Homo;Homo sapiens
42463;ASV_0552;199;gi|3057019687|gb|PQ825692.1|;PQ825692;16568;2.43E-95;363;196;199;99.497;198;1;198;0;9606;Homo sapiens;primates;human;Eukaryota;Chordata;Mammalia;Primates;Hominidae;Homo;Homo sapiens
42464;ASV_0552;199;gi|3057019686|gb|PQ825691.1|;PQ825691;16568;2.43E-95;363;196;199;99.497;198;1;198;0;9606;Homo sapiens;primates;human;Eukaryota;Chordata;Mammalia;Primates;Hominidae;Homo;Homo sapiens
42465;ASV_0552;199;gi|3057019685|gb|PQ825690.1|;PQ825690;16568;2.43E-95;363;196;199;99.497;198;1;198;0;9606;Homo sapiens;primates;human;Eukaryota;Chordata;Mammalia;Primates;Hominidae;Homo;Homo sapiens
42466;ASV_0552;199;gi|3057019684|gb|PQ825689.1|;PQ825689;16568;2.43E-95;363;196;199;99.497;198;1;198;0;9606;Homo sapiens;primates;human;Eukaryota;Chordata;Mammalia;Primates;Hominidae;Homo;Homo sapiens
42467;ASV_0552;199;gi|3057019683|gb|PQ825688.1|;PQ825688;16566;2.43E-95;363;196;199;99.497;198;1;198;0;9606;Homo sapiens;primates;human;Eukaryota;Chordata;Mammalia;Primates;Hominidae;Homo;Homo sapiens
42468;ASV_0552;199;gi|3057019682|gb|PQ825687.1|;PQ825687;16568;2.43E-95;363;196;199;99.497;198;1;198;0;9606;Homo sapiens;primates;human;Eukaryota;Chordata;Mammalia;Primates;Hominidae;Homo;Homo sapiens
42469;ASV_0552;199;gi|3057019681|gb|PQ825686.1|;PQ825686;16568;2.43E-95;363;196;199;99.497;198;1;198;0;9606;Homo sapiens;primates;human;Eukaryota;Chordata;Mammalia;Primates;Hominidae;Homo;Homo sapiens
42470;ASV_0552;199;gi|3057019680|gb|PQ825685.1|;PQ825685;16568;2.43E-95;363;196;199;99.497;198;1;198;0;9606;Homo sapiens;primates;human;Eukaryota;Chordata;Mammalia;Primates;Hominidae;Homo;Homo sapiens
42471;ASV_0552;199;gi|3057019679|gb|PQ825684.1|;PQ825684;16566;2.43E-95;363;196;199;99.497;198;1;198;0;9606;Homo sapiens;primates;human;Eukaryota;Chordata;Mammalia;Primates;Hominidae;Homo;Homo sapiens
42472;ASV_0552;199;gi|3057019678|gb|PQ825683.1|;PQ825683;16569;2.43E-95;363;196;199;99.497;198;1;198;0;9606;Homo sapiens;primates;human;Eukaryota;Chordata;Mammalia;Primates;Hominidae;Homo;Homo sapiens
42473;ASV_0552;199;gi|3057019677|gb|PQ825682.1|;PQ825682;16568;2.43E-95;363;196;199;99.497;198;1;198;0;9606;Homo sapiens;primates;human;Eukaryota;Chordata;Mammalia;Primates;Hominidae;Homo;Homo sapiens
42474;ASV_0552;199;gi|3057019675|gb|PQ825680.1|;PQ825680;16568;2.43E-95;363;196;199;99.497;198;1;198;0;9606;Homo sapiens;primates;human;Eukaryota;Chordata;Mammalia;Primates;Hominidae;Homo;Homo sapiens
42475;ASV_0552;199;gi|3057019674|gb|PQ825679.1|;PQ825679;16568;2.43E-95;363;196;199;99.497;198;1;198;0;9606;Homo sapiens;primates;human;Eukaryota;Chordata;Mammalia;Primates;Hominidae;Homo;Homo sapiens
42476;ASV_0552;199;gi|3057019673|gb|PQ825678.1|;PQ825678;16568;2.43E-95;363;196;199;99.497;198;1;198;0;9606;Homo sapiens;primates;human;Eukaryota;Chordata;Mammalia;Primates;Hominidae;Homo;Homo sapiens
42477;ASV_0552;199;gi|3057019672|gb|PQ825677.1|;PQ825677;16568;2.43E-95;363;196;199;99.497;198;1;198;0;9606;Homo sapiens;primates;human;Eukaryota;Chordata;Mammalia;Primates;Hominidae;Homo;Homo sapiens
42478;ASV_0552;199;gi|3057019671|gb|PQ825676.1|;PQ825676;16568;2.43E-95;363;196;199;99.497;198;1;198;0;9606;Homo sapiens;primates;human;Eukaryota;Chordata;Mammalia;Primates;Hominidae;Homo;Homo sapiens
42479;ASV_0552;199;gi|3057019670|gb|PQ825675.1|;PQ825675;16568;2.43E-95;363;196;199;99.497;198;1;198;0;9606;Homo sapiens;primates;human;Eukaryota;Chordata;Mammalia;Primates;Hominidae;Homo;Homo sapiens
42480;ASV_0552;199;gi|3057019669|gb|PQ825674.1|;PQ825674;16566;2.43E-95;363;196;199;99.497;198;1;198;0;9606;Homo sapiens;primates;human;Eukaryota;Chordata;Mammalia;Primates;Hominidae;Homo;Homo sapiens
